This is pdfTeX, Version 3.141592653-2.6-1.40.25 (TeX Live 2023/Debian) (preloaded format=pdflatex 2026.7.14)  15 JUL 2026 14:31
entering extended mode
 restricted \write18 enabled.
 %&-line parsing enabled.
**main.tex
(./main.tex
LaTeX2e <2023-11-01> patch level 1
L3 programming layer <2024-01-22>
(/usr/share/texlive/texmf-dist/tex/latex/base/book.cls
Document Class: book 2023/05/17 v1.4n Standard LaTeX document class
(/usr/share/texlive/texmf-dist/tex/latex/base/bk12.clo
File: bk12.clo 2023/05/17 v1.4n Standard LaTeX file (size option)
)
\c@part=\count187
\c@chapter=\count188
\c@section=\count189
\c@subsection=\count190
\c@subsubsection=\count191
\c@paragraph=\count192
\c@subparagraph=\count193
\c@figure=\count194
\c@table=\count195
\abovecaptionskip=\skip48
\belowcaptionskip=\skip49
\bibindent=\dimen140
)
(/usr/share/texlive/texmf-dist/tex/latex/base/inputenc.sty
Package: inputenc 2021/02/14 v1.3d Input encoding file
\inpenc@prehook=\toks17
\inpenc@posthook=\toks18
)
(/usr/share/texlive/texmf-dist/tex/generic/babel/babel.sty
Package: babel 2024/01/07 v24.1 The Babel package
\babel@savecnt=\count196
\U@D=\dimen141
\l@unhyphenated=\language8

(/usr/share/texlive/texmf-dist/tex/generic/babel/txtbabel.def)
\bbl@readstream=\read2
\bbl@dirlevel=\count197

(/usr/share/texlive/texmf-dist/tex/generic/babel-spanish/spanish.ldf
Language: spanish.ldf 2021/05/27 v5.0q Spanish support from the babel system
\es@quottoks=\toks19
\es@quotdepth=\count198
Package babel Info: Making " an active character on input line 570.
Package babel Info: Making . an active character on input line 675.
Package babel Info: Making < an active character on input line 722.
Package babel Info: Making > an active character on input line 722.
))
(/usr/share/texlive/texmf-dist/tex/generic/babel/locale/es/babel-spanish.tex
Package babel Info: Importing font and identification data for spanish
(babel)             from babel-es.ini. Reported on input line 11.
)
(/usr/share/texlive/texmf-dist/tex/latex/fancyhdr/fancyhdr.sty
Package: fancyhdr 2022/11/09 v4.1 Extensive control of page headers and footers

\f@nch@headwidth=\skip50
\f@nch@O@elh=\skip51
\f@nch@O@erh=\skip52
\f@nch@O@olh=\skip53
\f@nch@O@orh=\skip54
\f@nch@O@elf=\skip55
\f@nch@O@erf=\skip56
\f@nch@O@olf=\skip57
\f@nch@O@orf=\skip58
)
(/usr/share/texlive/texmf-dist/tex/latex/amsmath/amsmath.sty
Package: amsmath 2023/05/13 v2.17o AMS math features
\@mathmargin=\skip59

For additional information on amsmath, use the `?' option.
(/usr/share/texlive/texmf-dist/tex/latex/amsmath/amstext.sty
Package: amstext 2021/08/26 v2.01 AMS text

(/usr/share/texlive/texmf-dist/tex/latex/amsmath/amsgen.sty
File: amsgen.sty 1999/11/30 v2.0 generic functions
\@emptytoks=\toks20
\ex@=\dimen142
))
(/usr/share/texlive/texmf-dist/tex/latex/amsmath/amsbsy.sty
Package: amsbsy 1999/11/29 v1.2d Bold Symbols
\pmbraise@=\dimen143
)
(/usr/share/texlive/texmf-dist/tex/latex/amsmath/amsopn.sty
Package: amsopn 2022/04/08 v2.04 operator names
)
\inf@bad=\count199
LaTeX Info: Redefining \frac on input line 234.
\uproot@=\count266
\leftroot@=\count267
LaTeX Info: Redefining \overline on input line 399.
LaTeX Info: Redefining \colon on input line 410.
\classnum@=\count268
\DOTSCASE@=\count269
LaTeX Info: Redefining \ldots on input line 496.
LaTeX Info: Redefining \dots on input line 499.
LaTeX Info: Redefining \cdots on input line 620.
\Mathstrutbox@=\box51
\strutbox@=\box52
LaTeX Info: Redefining \big on input line 722.
LaTeX Info: Redefining \Big on input line 723.
LaTeX Info: Redefining \bigg on input line 724.
LaTeX Info: Redefining \Bigg on input line 725.
\big@size=\dimen144
LaTeX Font Info:    Redeclaring font encoding OML on input line 743.
LaTeX Font Info:    Redeclaring font encoding OMS on input line 744.
\macc@depth=\count270
LaTeX Info: Redefining \bmod on input line 905.
LaTeX Info: Redefining \pmod on input line 910.
LaTeX Info: Redefining \smash on input line 940.
LaTeX Info: Redefining \relbar on input line 970.
LaTeX Info: Redefining \Relbar on input line 971.
\c@MaxMatrixCols=\count271
\dotsspace@=\muskip16
\c@parentequation=\count272
\dspbrk@lvl=\count273
\tag@help=\toks21
\row@=\count274
\column@=\count275
\maxfields@=\count276
\andhelp@=\toks22
\eqnshift@=\dimen145
\alignsep@=\dimen146
\tagshift@=\dimen147
\tagwidth@=\dimen148
\totwidth@=\dimen149
\lineht@=\dimen150
\@envbody=\toks23
\multlinegap=\skip60
\multlinetaggap=\skip61
\mathdisplay@stack=\toks24
LaTeX Info: Redefining \[ on input line 2953.
LaTeX Info: Redefining \] on input line 2954.
)
(/usr/share/texlive/texmf-dist/tex/latex/mathtools/mathtools.sty
Package: mathtools 2022/06/29 v1.29 mathematical typesetting tools

(/usr/share/texlive/texmf-dist/tex/latex/graphics/keyval.sty
Package: keyval 2022/05/29 v1.15 key=value parser (DPC)
\KV@toks@=\toks25
)
(/usr/share/texlive/texmf-dist/tex/latex/tools/calc.sty
Package: calc 2023/07/08 v4.3 Infix arithmetic (KKT,FJ)
\calc@Acount=\count277
\calc@Bcount=\count278
\calc@Adimen=\dimen151
\calc@Bdimen=\dimen152
\calc@Askip=\skip62
\calc@Bskip=\skip63
LaTeX Info: Redefining \setlength on input line 80.
LaTeX Info: Redefining \addtolength on input line 81.
\calc@Ccount=\count279
\calc@Cskip=\skip64
)
(/usr/share/texlive/texmf-dist/tex/latex/mathtools/mhsetup.sty
Package: mhsetup 2021/03/18 v1.4 programming setup (MH)
)
\g_MT_multlinerow_int=\count280
\l_MT_multwidth_dim=\dimen153
\origjot=\skip65
\l_MT_shortvdotswithinadjustabove_dim=\dimen154
\l_MT_shortvdotswithinadjustbelow_dim=\dimen155
\l_MT_above_intertext_sep=\dimen156
\l_MT_below_intertext_sep=\dimen157
\l_MT_above_shortintertext_sep=\dimen158
\l_MT_below_shortintertext_sep=\dimen159
\xmathstrut@box=\box53
\xmathstrut@dim=\dimen160
)
(/usr/share/texlive/texmf-dist/tex/latex/amsfonts/amssymb.sty
Package: amssymb 2013/01/14 v3.01 AMS font symbols

(/usr/share/texlive/texmf-dist/tex/latex/amsfonts/amsfonts.sty
Package: amsfonts 2013/01/14 v3.01 Basic AMSFonts support
\symAMSa=\mathgroup4
\symAMSb=\mathgroup5
LaTeX Font Info:    Redeclaring math symbol \hbar on input line 98.
LaTeX Font Info:    Overwriting math alphabet `\mathfrak' in version `bold'
(Font)                  U/euf/m/n --> U/euf/b/n on input line 106.
))
(/usr/share/texlive/texmf-dist/tex/latex/eurosym/eurosym.sty
Package: eurosym 1998/08/06 v1.1 European currency symbol ``Euro''
\@eurobox=\box54
)
(/usr/share/texlive/texmf-dist/tex/latex/graphics/graphicx.sty
Package: graphicx 2021/09/16 v1.2d Enhanced LaTeX Graphics (DPC,SPQR)

(/usr/share/texlive/texmf-dist/tex/latex/graphics/graphics.sty
Package: graphics 2022/03/10 v1.4e Standard LaTeX Graphics (DPC,SPQR)

(/usr/share/texlive/texmf-dist/tex/latex/graphics/trig.sty
Package: trig 2021/08/11 v1.11 sin cos tan (DPC)
)
(/usr/share/texlive/texmf-dist/tex/latex/graphics-cfg/graphics.cfg
File: graphics.cfg 2016/06/04 v1.11 sample graphics configuration
)
Package graphics Info: Driver file: pdftex.def on input line 107.

(/usr/share/texlive/texmf-dist/tex/latex/graphics-def/pdftex.def
File: pdftex.def 2022/09/22 v1.2b Graphics/color driver for pdftex
))
\Gin@req@height=\dimen161
\Gin@req@width=\dimen162
)
(/usr/share/texlive/texmf-dist/tex/latex/float/float.sty
Package: float 2001/11/08 v1.3d Float enhancements (AL)
\c@float@type=\count281
\float@exts=\toks26
\float@box=\box55
\@float@everytoks=\toks27
\@floatcapt=\box56
)
(/usr/share/texlive/texmf-dist/tex/latex/vmargin/vmargin.sty
Package: vmargin 2004/07/15 V2.5 set document margins (VK)

Package: vmargin 2004/07/15 V2.5 set document margins (VK)
\PaperWidth=\dimen163
\PaperHeight=\dimen164
) (/usr/share/texlive/texmf-dist/tex/latex/cancel/cancel.sty
Package: cancel 2013/04/12 v2.2 Cancel math terms
)
(/usr/share/texlive/texmf-dist/tex/latex/caption/caption.sty
Package: caption 2023/08/05 v3.6o Customizing captions (AR)

(/usr/share/texlive/texmf-dist/tex/latex/caption/caption3.sty
Package: caption3 2023/07/31 v2.4d caption3 kernel (AR)
\caption@tempdima=\dimen165
\captionmargin=\dimen166
\caption@leftmargin=\dimen167
\caption@rightmargin=\dimen168
\caption@width=\dimen169
\caption@indent=\dimen170
\caption@parindent=\dimen171
\caption@hangindent=\dimen172
Package caption Info: Standard document class detected.
)
\c@caption@flags=\count282
\c@continuedfloat=\count283
Package caption Info: float package is loaded.
)
(/usr/share/texlive/texmf-dist/tex/latex/caption/subcaption.sty
Package: subcaption 2023/07/28 v1.6b Sub-captions (AR)
Package caption Info: New subtype `subfigure' on input line 238.
\c@subfigure=\count284
Package caption Info: New subtype `subtable' on input line 238.
\c@subtable=\count285
)
(/usr/share/texlive/texmf-dist/tex/latex/appendix/appendix.sty
Package: appendix 2020/02/08 v1.2c extra appendix facilities
\c@@pps=\count286
\c@@ppsavesec=\count287
\c@@ppsaveapp=\count288
)
(/usr/share/texlive/texmf-dist/tex/latex/hyperref/hyperref.sty
Package: hyperref 2024-01-20 v7.01h Hypertext links for LaTeX

(/usr/share/texlive/texmf-dist/tex/generic/iftex/iftex.sty
Package: iftex 2022/02/03 v1.0f TeX engine tests
)
(/usr/share/texlive/texmf-dist/tex/latex/kvsetkeys/kvsetkeys.sty
Package: kvsetkeys 2022-10-05 v1.19 Key value parser (HO)
)
(/usr/share/texlive/texmf-dist/tex/generic/kvdefinekeys/kvdefinekeys.sty
Package: kvdefinekeys 2019-12-19 v1.6 Define keys (HO)
)
(/usr/share/texlive/texmf-dist/tex/generic/pdfescape/pdfescape.sty
Package: pdfescape 2019/12/09 v1.15 Implements pdfTeX's escape features (HO)

(/usr/share/texlive/texmf-dist/tex/generic/ltxcmds/ltxcmds.sty
Package: ltxcmds 2023-12-04 v1.26 LaTeX kernel commands for general use (HO)
)
(/usr/share/texlive/texmf-dist/tex/generic/pdftexcmds/pdftexcmds.sty
Package: pdftexcmds 2020-06-27 v0.33 Utility functions of pdfTeX for LuaTeX (HO
)

(/usr/share/texlive/texmf-dist/tex/generic/infwarerr/infwarerr.sty
Package: infwarerr 2019/12/03 v1.5 Providing info/warning/error messages (HO)
)
Package pdftexcmds Info: \pdf@primitive is available.
Package pdftexcmds Info: \pdf@ifprimitive is available.
Package pdftexcmds Info: \pdfdraftmode found.
))
(/usr/share/texlive/texmf-dist/tex/latex/hycolor/hycolor.sty
Package: hycolor 2020-01-27 v1.10 Color options for hyperref/bookmark (HO)
)
(/usr/share/texlive/texmf-dist/tex/latex/auxhook/auxhook.sty
Package: auxhook 2019-12-17 v1.6 Hooks for auxiliary files (HO)
)
(/usr/share/texlive/texmf-dist/tex/latex/hyperref/nameref.sty
Package: nameref 2023-11-26 v2.56 Cross-referencing by name of section

(/usr/share/texlive/texmf-dist/tex/latex/refcount/refcount.sty
Package: refcount 2019/12/15 v3.6 Data extraction from label references (HO)
)
(/usr/share/texlive/texmf-dist/tex/generic/gettitlestring/gettitlestring.sty
Package: gettitlestring 2019/12/15 v1.6 Cleanup title references (HO)

(/usr/share/texlive/texmf-dist/tex/latex/kvoptions/kvoptions.sty
Package: kvoptions 2022-06-15 v3.15 Key value format for package options (HO)
))
\c@section@level=\count289
)
(/usr/share/texlive/texmf-dist/tex/latex/etoolbox/etoolbox.sty
Package: etoolbox 2020/10/05 v2.5k e-TeX tools for LaTeX (JAW)
\etb@tempcnta=\count290
)
\@linkdim=\dimen173
\Hy@linkcounter=\count291
\Hy@pagecounter=\count292

(/usr/share/texlive/texmf-dist/tex/latex/hyperref/pd1enc.def
File: pd1enc.def 2024-01-20 v7.01h Hyperref: PDFDocEncoding definition (HO)
Now handling font encoding PD1 ...
... no UTF-8 mapping file for font encoding PD1
)
(/usr/share/texlive/texmf-dist/tex/generic/intcalc/intcalc.sty
Package: intcalc 2019/12/15 v1.3 Expandable calculations with integers (HO)
)
\Hy@SavedSpaceFactor=\count293

(/usr/share/texlive/texmf-dist/tex/latex/hyperref/puenc.def
File: puenc.def 2024-01-20 v7.01h Hyperref: PDF Unicode definition (HO)
Now handling font encoding PU ...
... no UTF-8 mapping file for font encoding PU
)
Package hyperref Info: Hyper figures OFF on input line 4179.
Package hyperref Info: Link nesting OFF on input line 4184.
Package hyperref Info: Hyper index ON on input line 4187.
Package hyperref Info: Plain pages OFF on input line 4194.
Package hyperref Info: Backreferencing OFF on input line 4199.
Package hyperref Info: Implicit mode ON; LaTeX internals redefined.
Package hyperref Info: Bookmarks ON on input line 4446.
\c@Hy@tempcnt=\count294

(/usr/share/texlive/texmf-dist/tex/latex/url/url.sty
\Urlmuskip=\muskip17
Package: url 2013/09/16  ver 3.4  Verb mode for urls, etc.
)
LaTeX Info: Redefining \url on input line 4784.
\XeTeXLinkMargin=\dimen174

(/usr/share/texlive/texmf-dist/tex/generic/bitset/bitset.sty
Package: bitset 2019/12/09 v1.3 Handle bit-vector datatype (HO)

(/usr/share/texlive/texmf-dist/tex/generic/bigintcalc/bigintcalc.sty
Package: bigintcalc 2019/12/15 v1.5 Expandable calculations on big integers (HO
)
))
\Fld@menulength=\count295
\Field@Width=\dimen175
\Fld@charsize=\dimen176
Package hyperref Info: Hyper figures OFF on input line 6063.
Package hyperref Info: Link nesting OFF on input line 6068.
Package hyperref Info: Hyper index ON on input line 6071.
Package hyperref Info: backreferencing OFF on input line 6078.
Package hyperref Info: Link coloring OFF on input line 6083.
Package hyperref Info: Link coloring with OCG OFF on input line 6088.
Package hyperref Info: PDF/A mode OFF on input line 6093.

(/usr/share/texlive/texmf-dist/tex/latex/base/atbegshi-ltx.sty
Package: atbegshi-ltx 2021/01/10 v1.0c Emulation of the original atbegshi
package with kernel methods
)
\Hy@abspage=\count296
\c@Item=\count297
\c@Hfootnote=\count298
)
Package hyperref Info: Driver: hpdftex.

(/usr/share/texlive/texmf-dist/tex/latex/hyperref/hpdftex.def
File: hpdftex.def 2024-01-20 v7.01h Hyperref driver for pdfTeX

(/usr/share/texlive/texmf-dist/tex/latex/base/atveryend-ltx.sty
Package: atveryend-ltx 2020/08/19 v1.0a Emulation of the original atveryend pac
kage
with kernel methods
)
\Fld@listcount=\count299
\c@bookmark@seq@number=\count300

(/usr/share/texlive/texmf-dist/tex/latex/rerunfilecheck/rerunfilecheck.sty
Package: rerunfilecheck 2022-07-10 v1.10 Rerun checks for auxiliary files (HO)

(/usr/share/texlive/texmf-dist/tex/generic/uniquecounter/uniquecounter.sty
Package: uniquecounter 2019/12/15 v1.4 Provide unlimited unique counter (HO)
)
Package uniquecounter Info: New unique counter `rerunfilecheck' on input line 2
85.
)
\Hy@SectionHShift=\skip66
)
Package hyperref Info: Option `colorlinks' set `true' on input line 16.

(/usr/share/texlive/texmf-dist/tex/latex/tocbibind/tocbibind.sty
Package: tocbibind 2010/10/13 v1.5k extra ToC listings
Package tocbibind Info: The document has chapter divisions on input line 50.


Package tocbibind Note: Using chapter style headings, unless overridden.

) (/usr/share/texlive/texmf-dist/tex/latex/listings/listings.sty
\lst@mode=\count301
\lst@gtempboxa=\box57
\lst@token=\toks28
\lst@length=\count302
\lst@currlwidth=\dimen177
\lst@column=\count303
\lst@pos=\count304
\lst@lostspace=\dimen178
\lst@width=\dimen179
\lst@newlines=\count305
\lst@lineno=\count306
\lst@maxwidth=\dimen180

(/usr/share/texlive/texmf-dist/tex/latex/listings/lstmisc.sty
File: lstmisc.sty 2023/02/27 1.9 (Carsten Heinz)
\c@lstnumber=\count307
\lst@skipnumbers=\count308
\lst@framebox=\box58
)
(/usr/share/texlive/texmf-dist/tex/latex/listings/listings.cfg
File: listings.cfg 2023/02/27 1.9 listings configuration
))
Package: listings 2023/02/27 1.9 (Carsten Heinz)

(/usr/share/texlive/texmf-dist/tex/latex/xcolor/xcolor.sty
Package: xcolor 2023/11/15 v3.01 LaTeX color extensions (UK)

(/usr/share/texlive/texmf-dist/tex/latex/graphics-cfg/color.cfg
File: color.cfg 2016/01/02 v1.6 sample color configuration
)
Package xcolor Info: Driver file: pdftex.def on input line 274.

(/usr/share/texlive/texmf-dist/tex/latex/graphics/mathcolor.ltx)
Package xcolor Info: Model `cmy' substituted by `cmy0' on input line 1350.
Package xcolor Info: Model `hsb' substituted by `rgb' on input line 1354.
Package xcolor Info: Model `RGB' extended on input line 1366.
Package xcolor Info: Model `HTML' substituted by `rgb' on input line 1368.
Package xcolor Info: Model `Hsb' substituted by `hsb' on input line 1369.
Package xcolor Info: Model `tHsb' substituted by `hsb' on input line 1370.
Package xcolor Info: Model `HSB' substituted by `hsb' on input line 1371.
Package xcolor Info: Model `Gray' substituted by `gray' on input line 1372.
Package xcolor Info: Model `wave' substituted by `hsb' on input line 1373.
)
(/usr/share/texlive/texmf-dist/tex/latex/wrapfig/wrapfig.sty
\wrapoverhang=\dimen181
\WF@size=\dimen182
\c@WF@wrappedlines=\count309
\WF@box=\box59
\WF@everypar=\toks29
Package: wrapfig 2003/01/31  v 3.6
)
(/usr/share/texlive/texmf-dist/tex/latex/transparent/transparent.sty
Package: transparent 2022-10-27 v1.5 Transparency with color stacks

(/usr/share/texlive/texmf-dist/tex/latex/transparent/transparent-nometadata.sty
Package: transparent-nometadata 2022-10-27 v1.5 Transparency via pdfTeX's color
 stack (HO)
)) (/usr/share/texlive/texmf-dist/tex/latex/import/import.sty
Package: import 2020/04/01  v 6.2
)
(/usr/share/texlive/texmf-dist/tex/latex/tools/verbatim.sty
Package: verbatim 2023-11-06 v1.5v LaTeX2e package for verbatim enhancements
\every@verbatim=\toks30
\verbatim@line=\toks31
\verbatim@in@stream=\read3
)
(/usr/share/texlive/texmf-dist/tex/latex/tools/afterpage.sty
Package: afterpage 2023/07/04 v1.08 After-Page Package (DPC)
\AP@output=\toks32
\AP@partial=\box60
\AP@footins=\box61
)
(/usr/share/texlive/texmf-dist/tex/latex/emptypage/emptypage.sty
Package: emptypage 2010/05/30 v1.2 Suppress page numbers and headings on empty 
pages
)
(/usr/share/texlive/texmf-dist/tex/latex/parskip/parskip.sty
Package: parskip 2021-03-14 v2.0h non-zero parskip adjustments
)
(/usr/share/texlive/texmf-dist/tex/latex/booktabs/booktabs.sty
Package: booktabs 2020/01/12 v1.61803398 Publication quality tables
\heavyrulewidth=\dimen183
\lightrulewidth=\dimen184
\cmidrulewidth=\dimen185
\belowrulesep=\dimen186
\belowbottomsep=\dimen187
\aboverulesep=\dimen188
\abovetopsep=\dimen189
\cmidrulesep=\dimen190
\cmidrulekern=\dimen191
\defaultaddspace=\dimen192
\@cmidla=\count310
\@cmidlb=\count311
\@aboverulesep=\dimen193
\@belowrulesep=\dimen194
\@thisruleclass=\count312
\@lastruleclass=\count313
\@thisrulewidth=\dimen195
)
(/usr/share/texlive/texmf-dist/tex/latex/tools/longtable.sty
Package: longtable 2023-11-01 v4.19 Multi-page Table package (DPC)
\LTleft=\skip67
\LTright=\skip68
\LTpre=\skip69
\LTpost=\skip70
\LTchunksize=\count314
\LTcapwidth=\dimen196
\LT@head=\box62
\LT@firsthead=\box63
\LT@foot=\box64
\LT@lastfoot=\box65
\LT@gbox=\box66
\LT@cols=\count315
\LT@rows=\count316
\c@LT@tables=\count317
\c@LT@chunks=\count318
\LT@p@ftn=\toks33
)
(/usr/share/texlive/texmf-dist/tex/latex/tools/tabularx.sty
Package: tabularx 2023/07/08 v2.11c `tabularx' package (DPC)

(/usr/share/texlive/texmf-dist/tex/latex/tools/array.sty
Package: array 2023/10/16 v2.5g Tabular extension package (FMi)
\col@sep=\dimen197
\ar@mcellbox=\box67
\extrarowheight=\dimen198
\NC@list=\toks34
\extratabsurround=\skip71
\backup@length=\skip72
\ar@cellbox=\box68
)
\TX@col@width=\dimen199
\TX@old@table=\dimen256
\TX@old@col=\dimen257
\TX@target=\dimen258
\TX@delta=\dimen259
\TX@cols=\count319
\TX@ftn=\toks35
)
(/usr/share/texlive/texmf-dist/tex/latex/multirow/multirow.sty
Package: multirow 2021/03/15 v2.8 Span multiple rows of a table
\multirow@colwidth=\skip73
\multirow@cntb=\count320
\multirow@dima=\skip74
\bigstrutjot=\dimen260
)
(/usr/share/texlive/texmf-dist/tex/latex/pgfplots/pgfplots.sty
(/usr/share/texlive/texmf-dist/tex/generic/pgfplots/pgfplots.revision.tex)
Package: pgfplots 2021/05/15 v1.18.1 Data Visualization (1.18.1)

(/usr/share/texlive/texmf-dist/tex/latex/pgf/frontendlayer/tikz.sty
(/usr/share/texlive/texmf-dist/tex/latex/pgf/basiclayer/pgf.sty
(/usr/share/texlive/texmf-dist/tex/latex/pgf/utilities/pgfrcs.sty
(/usr/share/texlive/texmf-dist/tex/generic/pgf/utilities/pgfutil-common.tex
\pgfutil@everybye=\toks36
\pgfutil@tempdima=\dimen261
\pgfutil@tempdimb=\dimen262
)
(/usr/share/texlive/texmf-dist/tex/generic/pgf/utilities/pgfutil-latex.def
\pgfutil@abb=\box69
)
(/usr/share/texlive/texmf-dist/tex/generic/pgf/utilities/pgfrcs.code.tex
(/usr/share/texlive/texmf-dist/tex/generic/pgf/pgf.revision.tex)
Package: pgfrcs 2023-01-15 v3.1.10 (3.1.10)
))
Package: pgf 2023-01-15 v3.1.10 (3.1.10)

(/usr/share/texlive/texmf-dist/tex/latex/pgf/basiclayer/pgfcore.sty
(/usr/share/texlive/texmf-dist/tex/latex/pgf/systemlayer/pgfsys.sty
(/usr/share/texlive/texmf-dist/tex/generic/pgf/systemlayer/pgfsys.code.tex
Package: pgfsys 2023-01-15 v3.1.10 (3.1.10)

(/usr/share/texlive/texmf-dist/tex/generic/pgf/utilities/pgfkeys.code.tex
\pgfkeys@pathtoks=\toks37
\pgfkeys@temptoks=\toks38

(/usr/share/texlive/texmf-dist/tex/generic/pgf/utilities/pgfkeyslibraryfiltered
.code.tex
\pgfkeys@tmptoks=\toks39
))
\pgf@x=\dimen263
\pgf@y=\dimen264
\pgf@xa=\dimen265
\pgf@ya=\dimen266
\pgf@xb=\dimen267
\pgf@yb=\dimen268
\pgf@xc=\dimen269
\pgf@yc=\dimen270
\pgf@xd=\dimen271
\pgf@yd=\dimen272
\w@pgf@writea=\write3
\r@pgf@reada=\read4
\c@pgf@counta=\count321
\c@pgf@countb=\count322
\c@pgf@countc=\count323
\c@pgf@countd=\count324
\t@pgf@toka=\toks40
\t@pgf@tokb=\toks41
\t@pgf@tokc=\toks42
\pgf@sys@id@count=\count325
 (/usr/share/texlive/texmf-dist/tex/generic/pgf/systemlayer/pgf.cfg
File: pgf.cfg 2023-01-15 v3.1.10 (3.1.10)
)
Driver file for pgf: pgfsys-pdftex.def
(/usr/share/texlive/texmf-dist/tex/generic/pgf/systemlayer/pgfsys-pdftex.def
File: pgfsys-pdftex.def 2023-01-15 v3.1.10 (3.1.10)

(/usr/share/texlive/texmf-dist/tex/generic/pgf/systemlayer/pgfsys-common-pdf.de
f
File: pgfsys-common-pdf.def 2023-01-15 v3.1.10 (3.1.10)
)))
(/usr/share/texlive/texmf-dist/tex/generic/pgf/systemlayer/pgfsyssoftpath.code.
tex
File: pgfsyssoftpath.code.tex 2023-01-15 v3.1.10 (3.1.10)
\pgfsyssoftpath@smallbuffer@items=\count326
\pgfsyssoftpath@bigbuffer@items=\count327
)
(/usr/share/texlive/texmf-dist/tex/generic/pgf/systemlayer/pgfsysprotocol.code.
tex
File: pgfsysprotocol.code.tex 2023-01-15 v3.1.10 (3.1.10)
))
(/usr/share/texlive/texmf-dist/tex/generic/pgf/basiclayer/pgfcore.code.tex
Package: pgfcore 2023-01-15 v3.1.10 (3.1.10)

(/usr/share/texlive/texmf-dist/tex/generic/pgf/math/pgfmath.code.tex
(/usr/share/texlive/texmf-dist/tex/generic/pgf/math/pgfmathutil.code.tex)
(/usr/share/texlive/texmf-dist/tex/generic/pgf/math/pgfmathparser.code.tex
\pgfmath@dimen=\dimen273
\pgfmath@count=\count328
\pgfmath@box=\box70
\pgfmath@toks=\toks43
\pgfmath@stack@operand=\toks44
\pgfmath@stack@operation=\toks45
)
(/usr/share/texlive/texmf-dist/tex/generic/pgf/math/pgfmathfunctions.code.tex)
(/usr/share/texlive/texmf-dist/tex/generic/pgf/math/pgfmathfunctions.basic.code
.tex)
(/usr/share/texlive/texmf-dist/tex/generic/pgf/math/pgfmathfunctions.trigonomet
ric.code.tex)
(/usr/share/texlive/texmf-dist/tex/generic/pgf/math/pgfmathfunctions.random.cod
e.tex)
(/usr/share/texlive/texmf-dist/tex/generic/pgf/math/pgfmathfunctions.comparison
.code.tex)
(/usr/share/texlive/texmf-dist/tex/generic/pgf/math/pgfmathfunctions.base.code.
tex)
(/usr/share/texlive/texmf-dist/tex/generic/pgf/math/pgfmathfunctions.round.code
.tex)
(/usr/share/texlive/texmf-dist/tex/generic/pgf/math/pgfmathfunctions.misc.code.
tex)
(/usr/share/texlive/texmf-dist/tex/generic/pgf/math/pgfmathfunctions.integerari
thmetics.code.tex)
(/usr/share/texlive/texmf-dist/tex/generic/pgf/math/pgfmathcalc.code.tex)
(/usr/share/texlive/texmf-dist/tex/generic/pgf/math/pgfmathfloat.code.tex
\c@pgfmathroundto@lastzeros=\count329
))
(/usr/share/texlive/texmf-dist/tex/generic/pgf/math/pgfint.code.tex)
(/usr/share/texlive/texmf-dist/tex/generic/pgf/basiclayer/pgfcorepoints.code.te
x
File: pgfcorepoints.code.tex 2023-01-15 v3.1.10 (3.1.10)
\pgf@picminx=\dimen274
\pgf@picmaxx=\dimen275
\pgf@picminy=\dimen276
\pgf@picmaxy=\dimen277
\pgf@pathminx=\dimen278
\pgf@pathmaxx=\dimen279
\pgf@pathminy=\dimen280
\pgf@pathmaxy=\dimen281
\pgf@xx=\dimen282
\pgf@xy=\dimen283
\pgf@yx=\dimen284
\pgf@yy=\dimen285
\pgf@zx=\dimen286
\pgf@zy=\dimen287
)
(/usr/share/texlive/texmf-dist/tex/generic/pgf/basiclayer/pgfcorepathconstruct.
code.tex
File: pgfcorepathconstruct.code.tex 2023-01-15 v3.1.10 (3.1.10)
\pgf@path@lastx=\dimen288
\pgf@path@lasty=\dimen289
)
(/usr/share/texlive/texmf-dist/tex/generic/pgf/basiclayer/pgfcorepathusage.code
.tex
File: pgfcorepathusage.code.tex 2023-01-15 v3.1.10 (3.1.10)
\pgf@shorten@end@additional=\dimen290
\pgf@shorten@start@additional=\dimen291
)
(/usr/share/texlive/texmf-dist/tex/generic/pgf/basiclayer/pgfcorescopes.code.te
x
File: pgfcorescopes.code.tex 2023-01-15 v3.1.10 (3.1.10)
\pgfpic=\box71
\pgf@hbox=\box72
\pgf@layerbox@main=\box73
\pgf@picture@serial@count=\count330
)
(/usr/share/texlive/texmf-dist/tex/generic/pgf/basiclayer/pgfcoregraphicstate.c
ode.tex
File: pgfcoregraphicstate.code.tex 2023-01-15 v3.1.10 (3.1.10)
\pgflinewidth=\dimen292
)
(/usr/share/texlive/texmf-dist/tex/generic/pgf/basiclayer/pgfcoretransformation
s.code.tex
File: pgfcoretransformations.code.tex 2023-01-15 v3.1.10 (3.1.10)
\pgf@pt@x=\dimen293
\pgf@pt@y=\dimen294
\pgf@pt@temp=\dimen295
)
(/usr/share/texlive/texmf-dist/tex/generic/pgf/basiclayer/pgfcorequick.code.tex
File: pgfcorequick.code.tex 2023-01-15 v3.1.10 (3.1.10)
)
(/usr/share/texlive/texmf-dist/tex/generic/pgf/basiclayer/pgfcoreobjects.code.t
ex
File: pgfcoreobjects.code.tex 2023-01-15 v3.1.10 (3.1.10)
)
(/usr/share/texlive/texmf-dist/tex/generic/pgf/basiclayer/pgfcorepathprocessing
.code.tex
File: pgfcorepathprocessing.code.tex 2023-01-15 v3.1.10 (3.1.10)
)
(/usr/share/texlive/texmf-dist/tex/generic/pgf/basiclayer/pgfcorearrows.code.te
x
File: pgfcorearrows.code.tex 2023-01-15 v3.1.10 (3.1.10)
\pgfarrowsep=\dimen296
)
(/usr/share/texlive/texmf-dist/tex/generic/pgf/basiclayer/pgfcoreshade.code.tex
File: pgfcoreshade.code.tex 2023-01-15 v3.1.10 (3.1.10)
\pgf@max=\dimen297
\pgf@sys@shading@range@num=\count331
\pgf@shadingcount=\count332
)
(/usr/share/texlive/texmf-dist/tex/generic/pgf/basiclayer/pgfcoreimage.code.tex
File: pgfcoreimage.code.tex 2023-01-15 v3.1.10 (3.1.10)
)
(/usr/share/texlive/texmf-dist/tex/generic/pgf/basiclayer/pgfcoreexternal.code.
tex
File: pgfcoreexternal.code.tex 2023-01-15 v3.1.10 (3.1.10)
\pgfexternal@startupbox=\box74
)
(/usr/share/texlive/texmf-dist/tex/generic/pgf/basiclayer/pgfcorelayers.code.te
x
File: pgfcorelayers.code.tex 2023-01-15 v3.1.10 (3.1.10)
)
(/usr/share/texlive/texmf-dist/tex/generic/pgf/basiclayer/pgfcoretransparency.c
ode.tex
File: pgfcoretransparency.code.tex 2023-01-15 v3.1.10 (3.1.10)
)
(/usr/share/texlive/texmf-dist/tex/generic/pgf/basiclayer/pgfcorepatterns.code.
tex
File: pgfcorepatterns.code.tex 2023-01-15 v3.1.10 (3.1.10)
)
(/usr/share/texlive/texmf-dist/tex/generic/pgf/basiclayer/pgfcorerdf.code.tex
File: pgfcorerdf.code.tex 2023-01-15 v3.1.10 (3.1.10)
)))
(/usr/share/texlive/texmf-dist/tex/generic/pgf/modules/pgfmoduleshapes.code.tex
File: pgfmoduleshapes.code.tex 2023-01-15 v3.1.10 (3.1.10)
\pgfnodeparttextbox=\box75
) (/usr/share/texlive/texmf-dist/tex/generic/pgf/modules/pgfmoduleplot.code.tex
File: pgfmoduleplot.code.tex 2023-01-15 v3.1.10 (3.1.10)
)
(/usr/share/texlive/texmf-dist/tex/latex/pgf/compatibility/pgfcomp-version-0-65
.sty
Package: pgfcomp-version-0-65 2023-01-15 v3.1.10 (3.1.10)
\pgf@nodesepstart=\dimen298
\pgf@nodesepend=\dimen299
)
(/usr/share/texlive/texmf-dist/tex/latex/pgf/compatibility/pgfcomp-version-1-18
.sty
Package: pgfcomp-version-1-18 2023-01-15 v3.1.10 (3.1.10)
)) (/usr/share/texlive/texmf-dist/tex/latex/pgf/utilities/pgffor.sty
(/usr/share/texlive/texmf-dist/tex/latex/pgf/utilities/pgfkeys.sty
(/usr/share/texlive/texmf-dist/tex/generic/pgf/utilities/pgfkeys.code.tex))
(/usr/share/texlive/texmf-dist/tex/latex/pgf/math/pgfmath.sty
(/usr/share/texlive/texmf-dist/tex/generic/pgf/math/pgfmath.code.tex))
(/usr/share/texlive/texmf-dist/tex/generic/pgf/utilities/pgffor.code.tex
Package: pgffor 2023-01-15 v3.1.10 (3.1.10)
\pgffor@iter=\dimen300
\pgffor@skip=\dimen301
\pgffor@stack=\toks46
\pgffor@toks=\toks47
))
(/usr/share/texlive/texmf-dist/tex/generic/pgf/frontendlayer/tikz/tikz.code.tex
Package: tikz 2023-01-15 v3.1.10 (3.1.10)

(/usr/share/texlive/texmf-dist/tex/generic/pgf/libraries/pgflibraryplothandlers
.code.tex
File: pgflibraryplothandlers.code.tex 2023-01-15 v3.1.10 (3.1.10)
\pgf@plot@mark@count=\count333
\pgfplotmarksize=\dimen302
)
\tikz@lastx=\dimen303
\tikz@lasty=\dimen304
\tikz@lastxsaved=\dimen305
\tikz@lastysaved=\dimen306
\tikz@lastmovetox=\dimen307
\tikz@lastmovetoy=\dimen308
\tikzleveldistance=\dimen309
\tikzsiblingdistance=\dimen310
\tikz@figbox=\box76
\tikz@figbox@bg=\box77
\tikz@tempbox=\box78
\tikz@tempbox@bg=\box79
\tikztreelevel=\count334
\tikznumberofchildren=\count335
\tikznumberofcurrentchild=\count336
\tikz@fig@count=\count337

(/usr/share/texlive/texmf-dist/tex/generic/pgf/modules/pgfmodulematrix.code.tex
File: pgfmodulematrix.code.tex 2023-01-15 v3.1.10 (3.1.10)
\pgfmatrixcurrentrow=\count338
\pgfmatrixcurrentcolumn=\count339
\pgf@matrix@numberofcolumns=\count340
)
\tikz@expandcount=\count341

(/usr/share/texlive/texmf-dist/tex/generic/pgf/frontendlayer/tikz/libraries/tik
zlibrarytopaths.code.tex
File: tikzlibrarytopaths.code.tex 2023-01-15 v3.1.10 (3.1.10)
)))
(/usr/share/texlive/texmf-dist/tex/generic/pgfplots/pgfplots.code.tex
(/usr/share/texlive/texmf-dist/tex/generic/pgfplots/pgfplotscore.code.tex
\t@pgfplots@toka=\toks48
\t@pgfplots@tokb=\toks49
\t@pgfplots@tokc=\toks50
\pgfplots@tmpa=\dimen311
\c@pgfplots@coordindex=\count342
\c@pgfplots@scanlineindex=\count343

(/usr/share/texlive/texmf-dist/tex/generic/pgfplots/sys/pgfplotssysgeneric.code
.tex))
(/usr/share/texlive/texmf-dist/tex/generic/pgfplots/libs/pgfplotslibrary.code.t
ex)
(/usr/share/texlive/texmf-dist/tex/generic/pgfplots/oldpgfcompatib/pgfplotsoldp
gfsupp_loader.code.tex
(/usr/share/texlive/texmf-dist/tex/generic/pgf/libraries/pgflibraryfpu.code.tex
)
Package pgfplots: loading complementary utilities for your pgf version...
\t@pgf@toka=\toks51
\t@pgf@tokb=\toks52
\t@pgf@tokc=\toks53

(/usr/share/texlive/texmf-dist/tex/generic/pgfplots/oldpgfcompatib/pgfplotsoldp
gfsupp_pgfutil-common-lists.tex))
(/usr/share/texlive/texmf-dist/tex/generic/pgfplots/util/pgfplotsutil.code.tex
(/usr/share/texlive/texmf-dist/tex/generic/pgfplots/liststructure/pgfplotslists
tructure.code.tex)
(/usr/share/texlive/texmf-dist/tex/generic/pgfplots/liststructure/pgfplotslists
tructureext.code.tex)
(/usr/share/texlive/texmf-dist/tex/generic/pgfplots/liststructure/pgfplotsarray
.code.tex
\c@pgfplotsarray@tmp=\count344
)
(/usr/share/texlive/texmf-dist/tex/generic/pgfplots/liststructure/pgfplotsmatri
x.code.tex)
(/usr/share/texlive/texmf-dist/tex/generic/pgfplots/numtable/pgfplotstableshare
d.code.tex
\c@pgfplotstable@counta=\count345
\t@pgfplotstable@a=\toks54
)
(/usr/share/texlive/texmf-dist/tex/generic/pgfplots/liststructure/pgfplotsdeque
.code.tex)
(/usr/share/texlive/texmf-dist/tex/generic/pgfplots/util/pgfplotsbinary.code.te
x
(/usr/share/texlive/texmf-dist/tex/generic/pgfplots/util/pgfplotsbinary.data.co
de.tex))
(/usr/share/texlive/texmf-dist/tex/generic/pgfplots/util/pgfplotsutil.verb.code
.tex)
(/usr/share/texlive/texmf-dist/tex/generic/pgfplots/libs/pgflibrarypgfplots.sur
fshading.code.tex
\c@pgfplotslibrarysurf@no=\count346

(/usr/share/texlive/texmf-dist/tex/generic/pgfplots/sys/pgflibrarypgfplots.surf
shading.pgfsys-pdftex.def)))
(/usr/share/texlive/texmf-dist/tex/generic/pgfplots/util/pgfplotscolormap.code.
tex
(/usr/share/texlive/texmf-dist/tex/generic/pgfplots/util/pgfplotscolor.code.tex
))
(/usr/share/texlive/texmf-dist/tex/generic/pgfplots/pgfplotsstackedplots.code.t
ex)
(/usr/share/texlive/texmf-dist/tex/generic/pgfplots/pgfplotsplothandlers.code.t
ex
(/usr/share/texlive/texmf-dist/tex/generic/pgfplots/pgfplotsmeshplothandler.cod
e.tex
(/usr/share/texlive/texmf-dist/tex/generic/pgfplots/pgfplotsmeshplotimage.code.
tex)))
(/usr/share/texlive/texmf-dist/tex/generic/pgfplots/pgfplots.scaling.code.tex)
(/usr/share/texlive/texmf-dist/tex/generic/pgfplots/pgfplotscoordprocessing.cod
e.tex)
(/usr/share/texlive/texmf-dist/tex/generic/pgfplots/pgfplots.errorbars.code.tex
) (/usr/share/texlive/texmf-dist/tex/generic/pgfplots/pgfplots.markers.code.tex
) (/usr/share/texlive/texmf-dist/tex/generic/pgfplots/pgfplotsticks.code.tex)
(/usr/share/texlive/texmf-dist/tex/generic/pgfplots/pgfplots.paths.code.tex)
(/usr/share/texlive/texmf-dist/tex/generic/pgf/frontendlayer/tikz/libraries/tik
zlibrarydecorations.code.tex
(/usr/share/texlive/texmf-dist/tex/generic/pgf/modules/pgfmoduledecorations.cod
e.tex
\pgfdecoratedcompleteddistance=\dimen312
\pgfdecoratedremainingdistance=\dimen313
\pgfdecoratedinputsegmentcompleteddistance=\dimen314
\pgfdecoratedinputsegmentremainingdistance=\dimen315
\pgf@decorate@distancetomove=\dimen316
\pgf@decorate@repeatstate=\count347
\pgfdecorationsegmentamplitude=\dimen317
\pgfdecorationsegmentlength=\dimen318
)
\tikz@lib@dec@box=\box80
)
(/usr/share/texlive/texmf-dist/tex/generic/pgf/frontendlayer/tikz/libraries/tik
zlibrarydecorations.pathmorphing.code.tex
(/usr/share/texlive/texmf-dist/tex/generic/pgf/libraries/decorations/pgflibrary
decorations.pathmorphing.code.tex))
(/usr/share/texlive/texmf-dist/tex/generic/pgf/frontendlayer/tikz/libraries/tik
zlibrarydecorations.pathreplacing.code.tex
(/usr/share/texlive/texmf-dist/tex/generic/pgf/libraries/decorations/pgflibrary
decorations.pathreplacing.code.tex))
(/usr/share/texlive/texmf-dist/tex/generic/pgfplots/libs/tikzlibrarypgfplots.co
ntourlua.code.tex)
\pgfplots@numplots=\count348
\pgfplots@xmin@reg=\dimen319
\pgfplots@xmax@reg=\dimen320
\pgfplots@ymin@reg=\dimen321
\pgfplots@ymax@reg=\dimen322
\pgfplots@zmin@reg=\dimen323
\pgfplots@zmax@reg=\dimen324
)
(/usr/share/texlive/texmf-dist/tex/generic/pgf/frontendlayer/tikz/libraries/tik
zlibraryplotmarks.code.tex
File: tikzlibraryplotmarks.code.tex 2023-01-15 v3.1.10 (3.1.10)

(/usr/share/texlive/texmf-dist/tex/generic/pgf/libraries/pgflibraryplotmarks.co
de.tex
File: pgflibraryplotmarks.code.tex 2023-01-15 v3.1.10 (3.1.10)
)))
(/usr/share/texlive/texmf-dist/tex/generic/pgfplots/libs/tikzlibrarypgfplots.gr
oupplots.code.tex
\pgfplots@group@current@plot=\count349
\pgfplots@group@current@row=\count350
\pgfplots@group@current@column=\count351

(/usr/share/texlive/texmf-dist/tex/generic/pgf/frontendlayer/tikz/libraries/tik
zlibrarycalc.code.tex
File: tikzlibrarycalc.code.tex 2023-01-15 v3.1.10 (3.1.10)
))
\chapheadtopskip=\skip75
\chapheadsep=\skip76
\chapheadbelowskip=\skip77

(/usr/share/texlive/texmf-dist/tex/latex/l3backend/l3backend-pdftex.def
File: l3backend-pdftex.def 2024-01-04 L3 backend support: PDF output (pdfTeX)
\l__color_backend_stack_int=\count352
\l__pdf_internal_box=\box81
)
(./main.aux
LaTeX Info: Redefining \. on input line 12.
LaTeX Info: Redefining \% on input line 12.
)
\openout1 = `main.aux'.

LaTeX Font Info:    Checking defaults for OML/cmm/m/it on input line 181.
LaTeX Font Info:    ... okay on input line 181.
LaTeX Font Info:    Checking defaults for OMS/cmsy/m/n on input line 181.
LaTeX Font Info:    ... okay on input line 181.
LaTeX Font Info:    Checking defaults for OT1/cmr/m/n on input line 181.
LaTeX Font Info:    ... okay on input line 181.
LaTeX Font Info:    Checking defaults for T1/cmr/m/n on input line 181.
LaTeX Font Info:    ... okay on input line 181.
LaTeX Font Info:    Checking defaults for TS1/cmr/m/n on input line 181.
LaTeX Font Info:    ... okay on input line 181.
LaTeX Font Info:    Checking defaults for OMX/cmex/m/n on input line 181.
LaTeX Font Info:    ... okay on input line 181.
LaTeX Font Info:    Checking defaults for U/cmr/m/n on input line 181.
LaTeX Font Info:    ... okay on input line 181.
LaTeX Font Info:    Checking defaults for PD1/pdf/m/n on input line 181.
LaTeX Font Info:    ... okay on input line 181.
LaTeX Font Info:    Checking defaults for PU/pdf/m/n on input line 181.
LaTeX Font Info:    ... okay on input line 181.
LaTeX Info: Redefining \. on input line 181.
LaTeX Info: Redefining \% on input line 181.
 (/usr/share/texlive/texmf-dist/tex/context/base/mkii/supp-pdf.mkii
[Loading MPS to PDF converter (version 2006.09.02).]
\scratchcounter=\count353
\scratchdimen=\dimen325
\scratchbox=\box82
\nofMPsegments=\count354
\nofMParguments=\count355
\everyMPshowfont=\toks55
\MPscratchCnt=\count356
\MPscratchDim=\dimen326
\MPnumerator=\count357
\makeMPintoPDFobject=\count358
\everyMPtoPDFconversion=\toks56
) (/usr/share/texlive/texmf-dist/tex/latex/epstopdf-pkg/epstopdf-base.sty
Package: epstopdf-base 2020-01-24 v2.11 Base part for package epstopdf
Package epstopdf-base Info: Redefining graphics rule for `.eps' on input line 4
85.

(/usr/share/texlive/texmf-dist/tex/latex/latexconfig/epstopdf-sys.cfg
File: epstopdf-sys.cfg 2010/07/13 v1.3 Configuration of (r)epstopdf for TeX Liv
e
))
Package caption Info: Begin \AtBeginDocument code.
Package caption Info: hyperref package is loaded.
Package caption Info: listings package is loaded.
Package caption Info: longtable package is loaded.

(/usr/share/texlive/texmf-dist/tex/latex/caption/ltcaption.sty
Package: ltcaption 2021/01/08 v1.4c longtable captions (AR)
)
Package caption Info: wrapfig package is loaded.
Package caption Info: End \AtBeginDocument code.
Package hyperref Info: Link coloring ON on input line 181.
 (./main.out)
(./main.out)
\@outlinefile=\write4
\openout4 = `main.out'.

\c@lstlisting=\count359

Package pgfplots notification 'compat/show suggested version=true': document ha
s been generated with the most recent feature set (\pgfplotsset{compat=1.18}).

(./portada/portadaNaranja.tex
<portada/logosportada/byn.png, id=400, 708.246pt x 221.3871pt>
File: portada/logosportada/byn.png Graphic file (type png)
<use portada/logosportada/byn.png>
Package pdftex.def Info: portada/logosportada/byn.png  used on input line 14.
(pdftex.def)             Requested size: 284.52756pt x 88.94174pt.
 [1



{/var/lib/texmf/fonts/map/pdftex/updmap/pdftex.map} <./portada/logosportada/byn
.png>]) (./portada/segunda.tex [2

]
pdfTeX warning (ext4): destination with the same identifier (name{page.I}) has 
been already used, duplicate ignored
<to be read again> 
                   \relax 
l.30 \end{titlepage}
                     [1]) (./portada/portadaBlanca.tex
pdfTeX warning (ext4): destination with the same identifier (name{page.II}) has
 been already used, duplicate ignored
<to be read again> 
                   \relax 
l.1 \begin{titlepage}
                      [2

]
<portada/logosportada/logoetsit.png, id=424, 708.246pt x 221.3871pt>
File: portada/logosportada/logoetsit.png Graphic file (type png)
<use portada/logosportada/logoetsit.png>
Package pdftex.def Info: portada/logosportada/logoetsit.png  used on input line
 12.
(pdftex.def)             Requested size: 284.52756pt x 88.94174pt.

pdfTeX warning (ext4): destination with the same identifier (name{page.I}) has 
been already used, duplicate ignored
<to be read again> 
                   \relax 
l.28 \end{titlepage}
                     [1 <./portada/logosportada/logoetsit.png>])
(./pre/resumen.tex
LaTeX Font Info:    Trying to load font information for U+msa on input line 34.

 (/usr/share/texlive/texmf-dist/tex/latex/amsfonts/umsa.fd
File: umsa.fd 2013/01/14 v3.01 AMS symbols A
)
LaTeX Font Info:    Trying to load font information for U+msb on input line 34.


(/usr/share/texlive/texmf-dist/tex/latex/amsfonts/umsb.fd
File: umsb.fd 2013/01/14 v3.01 AMS symbols B
)
File: portada/logosportada/logoetsit.png Graphic file (type png)
<use portada/logosportada/logoetsit.png>
Package pdftex.def Info: portada/logosportada/logoetsit.png  used on input line
 60.
(pdftex.def)             Requested size: 85.35826pt x 26.68015pt.


Package fancyhdr Warning: \headheight is too small (12.0pt): 
(fancyhdr)                Make it at least 31.03018pt, for example:
(fancyhdr)                \setlength{\headheight}{31.03018pt}.
(fancyhdr)                You might also make \topmargin smaller to compensate:

(fancyhdr)                \addtolength{\topmargin}{-19.03018pt}.


pdfTeX warning (ext4): destination with the same identifier (name{page.II}) has
 been already used, duplicate ignored
<to be read again> 
                   \relax 
l.60 \normalsize{M
                  PSoC, FPGA, VHDL, RTEMS, RS422, RS485, CAN, SpaceWire, dri...
[2])
File: portada/logosportada/logoetsit.png Graphic file (type png)
<use portada/logosportada/logoetsit.png>
Package pdftex.def Info: portada/logosportada/logoetsit.png  used on input line
 198.
(pdftex.def)             Requested size: 85.35826pt x 26.68015pt.


Package fancyhdr Warning: \headheight is too small (12.0pt): 
(fancyhdr)                Make it at least 31.03018pt, for example:
(fancyhdr)                \setlength{\headheight}{31.03018pt}.
(fancyhdr)                You might also make \topmargin smaller to compensate:

(fancyhdr)                \addtolength{\topmargin}{-19.03018pt}.

[3] (./pre/greetings.tex)
File: portada/logosportada/logoetsit.png Graphic file (type png)
<use portada/logosportada/logoetsit.png>
Package pdftex.def Info: portada/logosportada/logoetsit.png  used on input line
 202.
(pdftex.def)             Requested size: 85.35826pt x 26.68015pt.


Package fancyhdr Warning: \headheight is too small (12.0pt): 
(fancyhdr)                Make it at least 31.03018pt, for example:
(fancyhdr)                \setlength{\headheight}{31.03018pt}.
(fancyhdr)                You might also make \topmargin smaller to compensate:

(fancyhdr)                \addtolength{\topmargin}{-19.03018pt}.

[4] (./main.toc
LaTeX Info: Redefining \. on input line 1.
LaTeX Info: Redefining \% on input line 1.


LaTeX Font Warning: Font shape `OT1/cmr/bx/sc' undefined
(Font)              using `OT1/cmr/bx/n' instead on input line 2.


Package spanish Warning: Replacing `OT1/cmr/bx/sc' by 
(spanish)                faked small caps on input line 2.


Package spanish Warning: Replacing `OT1/cmr/bx/sc' by 
(spanish)                faked small caps on input line 3.


Package spanish Warning: Replacing `OT1/cmr/bx/sc' by 
(spanish)                faked small caps on input line 4.

File: portada/logosportada/logoetsit.png Graphic file (type png)
<use portada/logosportada/logoetsit.png>
Package pdftex.def Info: portada/logosportada/logoetsit.png  used on input line
 102.
(pdftex.def)             Requested size: 85.35826pt x 26.68015pt.

Package fancyhdr Warning: \headheight is too small (12.0pt): 
(fancyhdr)                Make it at least 31.03018pt, for example:
(fancyhdr)                \setlength{\headheight}{31.03018pt}.
(fancyhdr)                You might also make \topmargin smaller to compensate:

(fancyhdr)                \addtolength{\topmargin}{-19.03018pt}.

[5]
File: portada/logosportada/logoetsit.png Graphic file (type png)
<use portada/logosportada/logoetsit.png>
Package pdftex.def Info: portada/logosportada/logoetsit.png  used on input line
 183.
(pdftex.def)             Requested size: 85.35826pt x 26.68015pt.


Package fancyhdr Warning: \headheight is too small (12.0pt): 
(fancyhdr)                Make it at least 31.03018pt, for example:
(fancyhdr)                \setlength{\headheight}{31.03018pt}.
(fancyhdr)                You might also make \topmargin smaller to compensate:

(fancyhdr)                \addtolength{\topmargin}{-19.03018pt}.

[6])
\tf@toc=\write5
\openout5 = `main.toc'.

File: portada/logosportada/logoetsit.png Graphic file (type png)
<use portada/logosportada/logoetsit.png>
Package pdftex.def Info: portada/logosportada/logoetsit.png  used on input line
 206.
(pdftex.def)             Requested size: 85.35826pt x 26.68015pt.


Package fancyhdr Warning: \headheight is too small (12.0pt): 
(fancyhdr)                Make it at least 31.03018pt, for example:
(fancyhdr)                \setlength{\headheight}{31.03018pt}.
(fancyhdr)                You might also make \topmargin smaller to compensate:

(fancyhdr)                \addtolength{\topmargin}{-19.03018pt}.

[7] (./main.lof
LaTeX Info: Redefining \. on input line 1.
LaTeX Info: Redefining \% on input line 1.

Underfull \vbox (badness 10000) has occurred while \output is active []

File: portada/logosportada/logoetsit.png Graphic file (type png)
<use portada/logosportada/logoetsit.png>
Package pdftex.def Info: portada/logosportada/logoetsit.png  used on input line
 38.
(pdftex.def)             Requested size: 85.35826pt x 26.68015pt.


Package fancyhdr Warning: \headheight is too small (12.0pt): 
(fancyhdr)                Make it at least 31.03018pt, for example:
(fancyhdr)                \setlength{\headheight}{31.03018pt}.
(fancyhdr)                You might also make \topmargin smaller to compensate:

(fancyhdr)                \addtolength{\topmargin}{-19.03018pt}.

[8])
\tf@lof=\write6
\openout6 = `main.lof'.

 (./main.lot
LaTeX Info: Redefining \. on input line 1.
LaTeX Info: Redefining \% on input line 1.
File: portada/logosportada/logoetsit.png Graphic file (type png)
<use portada/logosportada/logoetsit.png>
Package pdftex.def Info: portada/logosportada/logoetsit.png  used on input line
 27.
(pdftex.def)             Requested size: 85.35826pt x 26.68015pt.


Package fancyhdr Warning: \headheight is too small (12.0pt): 
(fancyhdr)                Make it at least 31.03018pt, for example:
(fancyhdr)                \setlength{\headheight}{31.03018pt}.
(fancyhdr)                You might also make \topmargin smaller to compensate:

(fancyhdr)                \addtolength{\topmargin}{-19.03018pt}.

[9])
\tf@lot=\write7
\openout7 = `main.lot'.

File: portada/logosportada/logoetsit.png Graphic file (type png)
<use portada/logosportada/logoetsit.png>
Package pdftex.def Info: portada/logosportada/logoetsit.png  used on input line
 211.
(pdftex.def)             Requested size: 85.35826pt x 26.68015pt.


Package fancyhdr Warning: \headheight is too small (12.0pt): 
(fancyhdr)                Make it at least 31.03018pt, for example:
(fancyhdr)                \setlength{\headheight}{31.03018pt}.
(fancyhdr)                You might also make \topmargin smaller to compensate:

(fancyhdr)                \addtolength{\topmargin}{-19.03018pt}.

[10] (./pre/acronimos.tex
File: portada/logosportada/logoetsit.png Graphic file (type png)
<use portada/logosportada/logoetsit.png>
Package pdftex.def Info: portada/logosportada/logoetsit.png  used on input line
 37.
(pdftex.def)             Requested size: 85.35826pt x 26.68015pt.


Package fancyhdr Warning: \headheight is too small (12.0pt): 
(fancyhdr)                Make it at least 31.03018pt, for example:
(fancyhdr)                \setlength{\headheight}{31.03018pt}.
(fancyhdr)                You might also make \topmargin smaller to compensate:

(fancyhdr)                \addtolength{\topmargin}{-19.03018pt}.

[11]
File: portada/logosportada/logoetsit.png Graphic file (type png)
<use portada/logosportada/logoetsit.png>
Package pdftex.def Info: portada/logosportada/logoetsit.png  used on input line
 79.
(pdftex.def)             Requested size: 85.35826pt x 26.68015pt.


Package fancyhdr Warning: \headheight is too small (12.0pt): 
(fancyhdr)                Make it at least 31.03018pt, for example:
(fancyhdr)                \setlength{\headheight}{31.03018pt}.
(fancyhdr)                You might also make \topmargin smaller to compensate:

(fancyhdr)                \addtolength{\topmargin}{-19.03018pt}.

[12]
File: portada/logosportada/logoetsit.png Graphic file (type png)
<use portada/logosportada/logoetsit.png>
Package pdftex.def Info: portada/logosportada/logoetsit.png  used on input line
 117.
(pdftex.def)             Requested size: 85.35826pt x 26.68015pt.


Package fancyhdr Warning: \headheight is too small (12.0pt): 
(fancyhdr)                Make it at least 31.03018pt, for example:
(fancyhdr)                \setlength{\headheight}{31.03018pt}.
(fancyhdr)                You might also make \topmargin smaller to compensate:

(fancyhdr)                \addtolength{\topmargin}{-19.03018pt}.

[13])
File: portada/logosportada/logoetsit.png Graphic file (type png)
<use portada/logosportada/logoetsit.png>
Package pdftex.def Info: portada/logosportada/logoetsit.png  used on input line
 215.
(pdftex.def)             Requested size: 85.35826pt x 26.68015pt.


Package fancyhdr Warning: \headheight is too small (12.0pt): 
(fancyhdr)                Make it at least 31.03018pt, for example:
(fancyhdr)                \setlength{\headheight}{31.03018pt}.
(fancyhdr)                You might also make \topmargin smaller to compensate:

(fancyhdr)                \addtolength{\topmargin}{-19.03018pt}.

[14]
Cap\'{\i }tulo 1.
(./capitulos/cap1/intro.tex
File: portada/logosportada/logoetsit.png Graphic file (type png)
<use portada/logosportada/logoetsit.png>
Package pdftex.def Info: portada/logosportada/logoetsit.png  used on input line
 48.
(pdftex.def)             Requested size: 85.35826pt x 26.68015pt.


Package fancyhdr Warning: \headheight is too small (12.0pt): 
(fancyhdr)                Make it at least 31.03018pt, for example:
(fancyhdr)                \setlength{\headheight}{31.03018pt}.
(fancyhdr)                You might also make \topmargin smaller to compensate:

(fancyhdr)                \addtolength{\topmargin}{-19.03018pt}.

[1

]
File: portada/logosportada/logoetsit.png Graphic file (type png)
<use portada/logosportada/logoetsit.png>
Package pdftex.def Info: portada/logosportada/logoetsit.png  used on input line
 91.
(pdftex.def)             Requested size: 85.35826pt x 26.68015pt.


Package fancyhdr Warning: \headheight is too small (12.0pt): 
(fancyhdr)                Make it at least 31.03018pt, for example:
(fancyhdr)                \setlength{\headheight}{31.03018pt}.
(fancyhdr)                You might also make \topmargin smaller to compensate:

(fancyhdr)                \addtolength{\topmargin}{-19.03018pt}.

[2]) (./capitulos/cap1/objetivos.tex
File: portada/logosportada/logoetsit.png Graphic file (type png)
<use portada/logosportada/logoetsit.png>
Package pdftex.def Info: portada/logosportada/logoetsit.png  used on input line
 19.
(pdftex.def)             Requested size: 85.35826pt x 26.68015pt.


Package fancyhdr Warning: \headheight is too small (12.0pt): 
(fancyhdr)                Make it at least 31.03018pt, for example:
(fancyhdr)                \setlength{\headheight}{31.03018pt}.
(fancyhdr)                You might also make \topmargin smaller to compensate:

(fancyhdr)                \addtolength{\topmargin}{-19.03018pt}.

[3])
File: portada/logosportada/logoetsit.png Graphic file (type png)
<use portada/logosportada/logoetsit.png>
Package pdftex.def Info: portada/logosportada/logoetsit.png  used on input line
 222.
(pdftex.def)             Requested size: 85.35826pt x 26.68015pt.


Package fancyhdr Warning: \headheight is too small (12.0pt): 
(fancyhdr)                Make it at least 31.03018pt, for example:
(fancyhdr)                \setlength{\headheight}{31.03018pt}.
(fancyhdr)                You might also make \topmargin smaller to compensate:

(fancyhdr)                \addtolength{\topmargin}{-19.03018pt}.

[4]
Cap\'{\i }tulo 2.
(./capitulos/cap2/ejemplo.tex
File: portada/logosportada/logoetsit.png Graphic file (type png)
<use portada/logosportada/logoetsit.png>
Package pdftex.def Info: portada/logosportada/logoetsit.png  used on input line
 42.
(pdftex.def)             Requested size: 85.35826pt x 26.68015pt.


Package fancyhdr Warning: \headheight is too small (12.0pt): 
(fancyhdr)                Make it at least 31.03018pt, for example:
(fancyhdr)                \setlength{\headheight}{31.03018pt}.
(fancyhdr)                You might also make \topmargin smaller to compensate:

(fancyhdr)                \addtolength{\topmargin}{-19.03018pt}.

[5]
File: portada/logosportada/logoetsit.png Graphic file (type png)
<use portada/logosportada/logoetsit.png>
Package pdftex.def Info: portada/logosportada/logoetsit.png  used on input line
 99.
(pdftex.def)             Requested size: 85.35826pt x 26.68015pt.


Package fancyhdr Warning: \headheight is too small (12.0pt): 
(fancyhdr)                Make it at least 31.03018pt, for example:
(fancyhdr)                \setlength{\headheight}{31.03018pt}.
(fancyhdr)                You might also make \topmargin smaller to compensate:

(fancyhdr)                \addtolength{\topmargin}{-19.03018pt}.

[6]
File: portada/logosportada/logoetsit.png Graphic file (type png)
<use portada/logosportada/logoetsit.png>
Package pdftex.def Info: portada/logosportada/logoetsit.png  used on input line
 148.
(pdftex.def)             Requested size: 85.35826pt x 26.68015pt.


Package fancyhdr Warning: \headheight is too small (12.0pt): 
(fancyhdr)                Make it at least 31.03018pt, for example:
(fancyhdr)                \setlength{\headheight}{31.03018pt}.
(fancyhdr)                You might also make \topmargin smaller to compensate:

(fancyhdr)                \addtolength{\topmargin}{-19.03018pt}.

[7]
File: portada/logosportada/logoetsit.png Graphic file (type png)
<use portada/logosportada/logoetsit.png>
Package pdftex.def Info: portada/logosportada/logoetsit.png  used on input line
 191.
(pdftex.def)             Requested size: 85.35826pt x 26.68015pt.


Package fancyhdr Warning: \headheight is too small (12.0pt): 
(fancyhdr)                Make it at least 31.03018pt, for example:
(fancyhdr)                \setlength{\headheight}{31.03018pt}.
(fancyhdr)                You might also make \topmargin smaller to compensate:

(fancyhdr)                \addtolength{\topmargin}{-19.03018pt}.

[8]) (./capitulos/cap2/transporte.tex
File: portada/logosportada/logoetsit.png Graphic file (type png)
<use portada/logosportada/logoetsit.png>
Package pdftex.def Info: portada/logosportada/logoetsit.png  used on input line
 43.
(pdftex.def)             Requested size: 85.35826pt x 26.68015pt.


Package fancyhdr Warning: \headheight is too small (12.0pt): 
(fancyhdr)                Make it at least 31.03018pt, for example:
(fancyhdr)                \setlength{\headheight}{31.03018pt}.
(fancyhdr)                You might also make \topmargin smaller to compensate:

(fancyhdr)                \addtolength{\topmargin}{-19.03018pt}.

[9]
File: portada/logosportada/logoetsit.png Graphic file (type png)
<use portada/logosportada/logoetsit.png>
Package pdftex.def Info: portada/logosportada/logoetsit.png  used on input line
 102.
(pdftex.def)             Requested size: 85.35826pt x 26.68015pt.


Package fancyhdr Warning: \headheight is too small (12.0pt): 
(fancyhdr)                Make it at least 31.03018pt, for example:
(fancyhdr)                \setlength{\headheight}{31.03018pt}.
(fancyhdr)                You might also make \topmargin smaller to compensate:

(fancyhdr)                \addtolength{\topmargin}{-19.03018pt}.

[10]
LaTeX Font Info:    Font shape `OT1/cmtt/bx/n' in size <12> not available
(Font)              Font shape `OT1/cmtt/m/n' tried instead on input line 115.
File: portada/logosportada/logoetsit.png Graphic file (type png)
<use portada/logosportada/logoetsit.png>
Package pdftex.def Info: portada/logosportada/logoetsit.png  used on input line
 157.
(pdftex.def)             Requested size: 85.35826pt x 26.68015pt.


Package fancyhdr Warning: \headheight is too small (12.0pt): 
(fancyhdr)                Make it at least 31.03018pt, for example:
(fancyhdr)                \setlength{\headheight}{31.03018pt}.
(fancyhdr)                You might also make \topmargin smaller to compensate:

(fancyhdr)                \addtolength{\topmargin}{-19.03018pt}.

[11])
File: portada/logosportada/logoetsit.png Graphic file (type png)
<use portada/logosportada/logoetsit.png>
Package pdftex.def Info: portada/logosportada/logoetsit.png  used on input line
 227.
(pdftex.def)             Requested size: 85.35826pt x 26.68015pt.


Package fancyhdr Warning: \headheight is too small (12.0pt): 
(fancyhdr)                Make it at least 31.03018pt, for example:
(fancyhdr)                \setlength{\headheight}{31.03018pt}.
(fancyhdr)                You might also make \topmargin smaller to compensate:

(fancyhdr)                \addtolength{\topmargin}{-19.03018pt}.

[12]
Cap\'{\i }tulo 3.
(./capitulos/cap3/ejemploDesarrollo.tex
File: portada/logosportada/logoetsit.png Graphic file (type png)
<use portada/logosportada/logoetsit.png>
Package pdftex.def Info: portada/logosportada/logoetsit.png  used on input line
 45.
(pdftex.def)             Requested size: 85.35826pt x 26.68015pt.


Package fancyhdr Warning: \headheight is too small (12.0pt): 
(fancyhdr)                Make it at least 31.03018pt, for example:
(fancyhdr)                \setlength{\headheight}{31.03018pt}.
(fancyhdr)                You might also make \topmargin smaller to compensate:

(fancyhdr)                \addtolength{\topmargin}{-19.03018pt}.

[13]
Package hyperref Info: bookmark level for unknown lstlisting defaults to 0 on i
nput line 48.
LaTeX Font Info:    Font shape `OT1/cmtt/bx/n' in size <10.95> not available
(Font)              Font shape `OT1/cmtt/m/n' tried instead on input line 49.

Underfull \vbox (badness 1112) has occurred while \output is active []

File: portada/logosportada/logoetsit.png Graphic file (type png)
<use portada/logosportada/logoetsit.png>
Package pdftex.def Info: portada/logosportada/logoetsit.png  used on input line
 103.
(pdftex.def)             Requested size: 85.35826pt x 26.68015pt.


Package fancyhdr Warning: \headheight is too small (12.0pt): 
(fancyhdr)                Make it at least 31.03018pt, for example:
(fancyhdr)                \setlength{\headheight}{31.03018pt}.
(fancyhdr)                You might also make \topmargin smaller to compensate:

(fancyhdr)                \addtolength{\topmargin}{-19.03018pt}.

[14]
File: portada/logosportada/logoetsit.png Graphic file (type png)
<use portada/logosportada/logoetsit.png>
Package pdftex.def Info: portada/logosportada/logoetsit.png  used on input line
 157.
(pdftex.def)             Requested size: 85.35826pt x 26.68015pt.


Package fancyhdr Warning: \headheight is too small (12.0pt): 
(fancyhdr)                Make it at least 31.03018pt, for example:
(fancyhdr)                \setlength{\headheight}{31.03018pt}.
(fancyhdr)                You might also make \topmargin smaller to compensate:

(fancyhdr)                \addtolength{\topmargin}{-19.03018pt}.

[15]
File: portada/logosportada/logoetsit.png Graphic file (type png)
<use portada/logosportada/logoetsit.png>
Package pdftex.def Info: portada/logosportada/logoetsit.png  used on input line
 206.
(pdftex.def)             Requested size: 85.35826pt x 26.68015pt.


Package fancyhdr Warning: \headheight is too small (12.0pt): 
(fancyhdr)                Make it at least 31.03018pt, for example:
(fancyhdr)                \setlength{\headheight}{31.03018pt}.
(fancyhdr)                You might also make \topmargin smaller to compensate:

(fancyhdr)                \addtolength{\topmargin}{-19.03018pt}.

[16]
Overfull \hbox (10.12976pt too wide) in paragraph at lines 213--213
[]\OT1/cmr/bx/n/17.28 Herramientas pa-ra fa-ci-li-tar el de-sa-rro-llo del tran
s-
 []


Underfull \vbox (badness 1199) has occurred while \output is active []

File: portada/logosportada/logoetsit.png Graphic file (type png)
<use portada/logosportada/logoetsit.png>
Package pdftex.def Info: portada/logosportada/logoetsit.png  used on input line
 265.
(pdftex.def)             Requested size: 85.35826pt x 26.68015pt.


Package fancyhdr Warning: \headheight is too small (12.0pt): 
(fancyhdr)                Make it at least 31.03018pt, for example:
(fancyhdr)                \setlength{\headheight}{31.03018pt}.
(fancyhdr)                You might also make \topmargin smaller to compensate:

(fancyhdr)                \addtolength{\topmargin}{-19.03018pt}.

[17]
Overfull \hbox (12.72249pt too wide) in paragraph at lines 294--299
[]\OT1/cmr/m/n/12 Adicionalmente, un blo-que de in-for-ma-ci^^Son del sis-te-ma
 si-tua-do en la di-rec-ci^^Son fi-ja \OT1/cmtt/m/n/12 0xA0020000
 []

File: portada/logosportada/logoetsit.png Graphic file (type png)
<use portada/logosportada/logoetsit.png>
Package pdftex.def Info: portada/logosportada/logoetsit.png  used on input line
 310.
(pdftex.def)             Requested size: 85.35826pt x 26.68015pt.

Package fancyhdr Warning: \headheight is too small (12.0pt): 
(fancyhdr)                Make it at least 31.03018pt, for example:
(fancyhdr)                \setlength{\headheight}{31.03018pt}.
(fancyhdr)                You might also make \topmargin smaller to compensate:

(fancyhdr)                \addtolength{\topmargin}{-19.03018pt}.

[18]
Overfull \hbox (21.46971pt too wide) in paragraph at lines 343--346
[]\OT1/cmr/m/n/12 Para ca-da trans-cep-tor con in-te-rrup-ci^^Son RX ac-ti-va: 
re-co-no-ce la in-te-rrup-ci^^Son (INTC[]IAR),
 []


Overfull \hbox (0.63799pt too wide) in paragraph at lines 352--359
[]\OT1/cmr/m/n/12 Cada ins-tan-cia \OT1/cmtt/m/n/12 Transceiver \OT1/cmr/m/n/12
 tie-ne aso-cia-da una ta-rea RTEMS de-di-ca-da (\OT1/cmtt/m/n/12 Rx[]Worker[]T
ask\OT1/cmr/m/n/12 )
 []

File: portada/logosportada/logoetsit.png Graphic file (type png)
<use portada/logosportada/logoetsit.png>
Package pdftex.def Info: portada/logosportada/logoetsit.png  used on input line
 372.
(pdftex.def)             Requested size: 85.35826pt x 26.68015pt.

Package fancyhdr Warning: \headheight is too small (12.0pt): 
(fancyhdr)                Make it at least 31.03018pt, for example:
(fancyhdr)                \setlength{\headheight}{31.03018pt}.
(fancyhdr)                You might also make \topmargin smaller to compensate:

(fancyhdr)                \addtolength{\topmargin}{-19.03018pt}.

[19]
Overfull \hbox (74.07431pt too wide) in paragraph at lines 384--395
 [][] 
 []

File: portada/logosportada/logoetsit.png Graphic file (type png)
<use portada/logosportada/logoetsit.png>
Package pdftex.def Info: portada/logosportada/logoetsit.png  used on input line
 425.
(pdftex.def)             Requested size: 85.35826pt x 26.68015pt.

Package fancyhdr Warning: \headheight is too small (12.0pt): 
(fancyhdr)                Make it at least 31.03018pt, for example:
(fancyhdr)                \setlength{\headheight}{31.03018pt}.
(fancyhdr)                You might also make \topmargin smaller to compensate:

(fancyhdr)                \addtolength{\topmargin}{-19.03018pt}.

[20]
File: portada/logosportada/logoetsit.png Graphic file (type png)
<use portada/logosportada/logoetsit.png>
Package pdftex.def Info: portada/logosportada/logoetsit.png  used on input line
 478.
(pdftex.def)             Requested size: 85.35826pt x 26.68015pt.


Package fancyhdr Warning: \headheight is too small (12.0pt): 
(fancyhdr)                Make it at least 31.03018pt, for example:
(fancyhdr)                \setlength{\headheight}{31.03018pt}.
(fancyhdr)                You might also make \topmargin smaller to compensate:

(fancyhdr)                \addtolength{\topmargin}{-19.03018pt}.

[21]
File: portada/logosportada/logoetsit.png Graphic file (type png)
<use portada/logosportada/logoetsit.png>
Package pdftex.def Info: portada/logosportada/logoetsit.png  used on input line
 523.
(pdftex.def)             Requested size: 85.35826pt x 26.68015pt.


Package fancyhdr Warning: \headheight is too small (12.0pt): 
(fancyhdr)                Make it at least 31.03018pt, for example:
(fancyhdr)                \setlength{\headheight}{31.03018pt}.
(fancyhdr)                You might also make \topmargin smaller to compensate:

(fancyhdr)                \addtolength{\topmargin}{-19.03018pt}.

[22]
File: portada/logosportada/logoetsit.png Graphic file (type png)
<use portada/logosportada/logoetsit.png>
Package pdftex.def Info: portada/logosportada/logoetsit.png  used on input line
 579.
(pdftex.def)             Requested size: 85.35826pt x 26.68015pt.


Package fancyhdr Warning: \headheight is too small (12.0pt): 
(fancyhdr)                Make it at least 31.03018pt, for example:
(fancyhdr)                \setlength{\headheight}{31.03018pt}.
(fancyhdr)                You might also make \topmargin smaller to compensate:

(fancyhdr)                \addtolength{\topmargin}{-19.03018pt}.

[23]
File: portada/logosportada/logoetsit.png Graphic file (type png)
<use portada/logosportada/logoetsit.png>
Package pdftex.def Info: portada/logosportada/logoetsit.png  used on input line
 630.
(pdftex.def)             Requested size: 85.35826pt x 26.68015pt.


Package fancyhdr Warning: \headheight is too small (12.0pt): 
(fancyhdr)                Make it at least 31.03018pt, for example:
(fancyhdr)                \setlength{\headheight}{31.03018pt}.
(fancyhdr)                You might also make \topmargin smaller to compensate:

(fancyhdr)                \addtolength{\topmargin}{-19.03018pt}.

[24]
Overfull \hbox (13.42162pt too wide) in paragraph at lines 631--634
[]\OT1/cmr/m/n/12 Las l^^S^^Pneas CANH y CANL de ca-da ca-nal in-cor-po-ran dio
-dos de pro-tec-ci^^Son ESD \OT1/cmr/bx/sc/12 ESDCAN24-
 []

File: portada/logosportada/logoetsit.png Graphic file (type png)
<use portada/logosportada/logoetsit.png>
Package pdftex.def Info: portada/logosportada/logoetsit.png  used on input line
 685.
(pdftex.def)             Requested size: 85.35826pt x 26.68015pt.

Package fancyhdr Warning: \headheight is too small (12.0pt): 
(fancyhdr)                Make it at least 31.03018pt, for example:
(fancyhdr)                \setlength{\headheight}{31.03018pt}.
(fancyhdr)                You might also make \topmargin smaller to compensate:

(fancyhdr)                \addtolength{\topmargin}{-19.03018pt}.

[25]
Overfull \hbox (0.47197pt too wide) in paragraph at lines 699--706
[]\OT1/cmr/m/n/12 Para la va-li-da-ci^^Son de es-ta in-ter-faz se di-se~n^^So u
n blo-que VHDL aut^^Sono-mo, \OT1/cmtt/m/n/12 PWMx4[]auto[]test\OT1/cmr/m/n/12 
,
 []

File: portada/logosportada/logoetsit.png Graphic file (type png)
<use portada/logosportada/logoetsit.png>
Package pdftex.def Info: portada/logosportada/logoetsit.png  used on input line
 739.
(pdftex.def)             Requested size: 85.35826pt x 26.68015pt.

Package fancyhdr Warning: \headheight is too small (12.0pt): 
(fancyhdr)                Make it at least 31.03018pt, for example:
(fancyhdr)                \setlength{\headheight}{31.03018pt}.
(fancyhdr)                You might also make \topmargin smaller to compensate:

(fancyhdr)                \addtolength{\topmargin}{-19.03018pt}.

[26]
File: portada/logosportada/logoetsit.png Graphic file (type png)
<use portada/logosportada/logoetsit.png>
Package pdftex.def Info: portada/logosportada/logoetsit.png  used on input line
 791.
(pdftex.def)             Requested size: 85.35826pt x 26.68015pt.


Package fancyhdr Warning: \headheight is too small (12.0pt): 
(fancyhdr)                Make it at least 31.03018pt, for example:
(fancyhdr)                \setlength{\headheight}{31.03018pt}.
(fancyhdr)                You might also make \topmargin smaller to compensate:

(fancyhdr)                \addtolength{\topmargin}{-19.03018pt}.

[27]
File: portada/logosportada/logoetsit.png Graphic file (type png)
<use portada/logosportada/logoetsit.png>
Package pdftex.def Info: portada/logosportada/logoetsit.png  used on input line
 847.
(pdftex.def)             Requested size: 85.35826pt x 26.68015pt.


Package fancyhdr Warning: \headheight is too small (12.0pt): 
(fancyhdr)                Make it at least 31.03018pt, for example:
(fancyhdr)                \setlength{\headheight}{31.03018pt}.
(fancyhdr)                You might also make \topmargin smaller to compensate:

(fancyhdr)                \addtolength{\topmargin}{-19.03018pt}.

[28]
File: portada/logosportada/logoetsit.png Graphic file (type png)
<use portada/logosportada/logoetsit.png>
Package pdftex.def Info: portada/logosportada/logoetsit.png  used on input line
 894.
(pdftex.def)             Requested size: 85.35826pt x 26.68015pt.


Package fancyhdr Warning: \headheight is too small (12.0pt): 
(fancyhdr)                Make it at least 31.03018pt, for example:
(fancyhdr)                \setlength{\headheight}{31.03018pt}.
(fancyhdr)                You might also make \topmargin smaller to compensate:

(fancyhdr)                \addtolength{\topmargin}{-19.03018pt}.

[29]
LaTeX Font Info:    Trying to load font information for OMS+cmtt on input line 
899.
LaTeX Font Info:    No file OMScmtt.fd. on input line 899.


LaTeX Font Warning: Font shape `OMS/cmtt/m/n' undefined
(Font)              using `OMS/cmsy/m/n' instead
(Font)              for symbol `textbackslash' on input line 899.


Overfull \hbox (148.34418pt too wide) in paragraph at lines 898--900
[]\OT1/cmr/m/n/12 Bucle de ini-cia-li-za-ci^^Son: \OT1/cmtt/m/n/12 Transceiver[
]Init()\OT1/cmr/m/n/12 , \OT1/cmtt/m/n/12 Transceiver[]SetRxCallback() \OT1/cmr
/m/n/12 y \OT1/cmtt/m/n/12 Transceiver[]SendString([]UART
 []

File: portada/logosportada/logoetsit.png Graphic file (type png)
<use portada/logosportada/logoetsit.png>
Package pdftex.def Info: portada/logosportada/logoetsit.png  used on input line
 943.
(pdftex.def)             Requested size: 85.35826pt x 26.68015pt.

Package fancyhdr Warning: \headheight is too small (12.0pt): 
(fancyhdr)                Make it at least 31.03018pt, for example:
(fancyhdr)                \setlength{\headheight}{31.03018pt}.
(fancyhdr)                You might also make \topmargin smaller to compensate:

(fancyhdr)                \addtolength{\topmargin}{-19.03018pt}.

[30]) (./capitulos/cap3/transporte.tex
File: portada/logosportada/logoetsit.png Graphic file (type png)
<use portada/logosportada/logoetsit.png>
Package pdftex.def Info: portada/logosportada/logoetsit.png  used on input line
 41.
(pdftex.def)             Requested size: 85.35826pt x 26.68015pt.


Package fancyhdr Warning: \headheight is too small (12.0pt): 
(fancyhdr)                Make it at least 31.03018pt, for example:
(fancyhdr)                \setlength{\headheight}{31.03018pt}.
(fancyhdr)                You might also make \topmargin smaller to compensate:

(fancyhdr)                \addtolength{\topmargin}{-19.03018pt}.

[31]
File: portada/logosportada/logoetsit.png Graphic file (type png)
<use portada/logosportada/logoetsit.png>
Package pdftex.def Info: portada/logosportada/logoetsit.png  used on input line
 95.
(pdftex.def)             Requested size: 85.35826pt x 26.68015pt.


Package fancyhdr Warning: \headheight is too small (12.0pt): 
(fancyhdr)                Make it at least 31.03018pt, for example:
(fancyhdr)                \setlength{\headheight}{31.03018pt}.
(fancyhdr)                You might also make \topmargin smaller to compensate:

(fancyhdr)                \addtolength{\topmargin}{-19.03018pt}.

[32]
File: portada/logosportada/logoetsit.png Graphic file (type png)
<use portada/logosportada/logoetsit.png>
Package pdftex.def Info: portada/logosportada/logoetsit.png  used on input line
 149.
(pdftex.def)             Requested size: 85.35826pt x 26.68015pt.


Package fancyhdr Warning: \headheight is too small (12.0pt): 
(fancyhdr)                Make it at least 31.03018pt, for example:
(fancyhdr)                \setlength{\headheight}{31.03018pt}.
(fancyhdr)                You might also make \topmargin smaller to compensate:

(fancyhdr)                \addtolength{\topmargin}{-19.03018pt}.

[33]
File: portada/logosportada/logoetsit.png Graphic file (type png)
<use portada/logosportada/logoetsit.png>
Package pdftex.def Info: portada/logosportada/logoetsit.png  used on input line
 221.
(pdftex.def)             Requested size: 85.35826pt x 26.68015pt.


Package fancyhdr Warning: \headheight is too small (12.0pt): 
(fancyhdr)                Make it at least 31.03018pt, for example:
(fancyhdr)                \setlength{\headheight}{31.03018pt}.
(fancyhdr)                You might also make \topmargin smaller to compensate:

(fancyhdr)                \addtolength{\topmargin}{-19.03018pt}.

[34]
File: portada/logosportada/logoetsit.png Graphic file (type png)
<use portada/logosportada/logoetsit.png>
Package pdftex.def Info: portada/logosportada/logoetsit.png  used on input line
 273.
(pdftex.def)             Requested size: 85.35826pt x 26.68015pt.


Package fancyhdr Warning: \headheight is too small (12.0pt): 
(fancyhdr)                Make it at least 31.03018pt, for example:
(fancyhdr)                \setlength{\headheight}{31.03018pt}.
(fancyhdr)                You might also make \topmargin smaller to compensate:

(fancyhdr)                \addtolength{\topmargin}{-19.03018pt}.

[35]
File: portada/logosportada/logoetsit.png Graphic file (type png)
<use portada/logosportada/logoetsit.png>
Package pdftex.def Info: portada/logosportada/logoetsit.png  used on input line
 332.
(pdftex.def)             Requested size: 85.35826pt x 26.68015pt.


Package fancyhdr Warning: \headheight is too small (12.0pt): 
(fancyhdr)                Make it at least 31.03018pt, for example:
(fancyhdr)                \setlength{\headheight}{31.03018pt}.
(fancyhdr)                You might also make \topmargin smaller to compensate:

(fancyhdr)                \addtolength{\topmargin}{-19.03018pt}.

[36]
File: portada/logosportada/logoetsit.png Graphic file (type png)
<use portada/logosportada/logoetsit.png>
Package pdftex.def Info: portada/logosportada/logoetsit.png  used on input line
 386.
(pdftex.def)             Requested size: 85.35826pt x 26.68015pt.


Package fancyhdr Warning: \headheight is too small (12.0pt): 
(fancyhdr)                Make it at least 31.03018pt, for example:
(fancyhdr)                \setlength{\headheight}{31.03018pt}.
(fancyhdr)                You might also make \topmargin smaller to compensate:

(fancyhdr)                \addtolength{\topmargin}{-19.03018pt}.

[37])
File: portada/logosportada/logoetsit.png Graphic file (type png)
<use portada/logosportada/logoetsit.png>
Package pdftex.def Info: portada/logosportada/logoetsit.png  used on input line
 232.
(pdftex.def)             Requested size: 85.35826pt x 26.68015pt.


Package fancyhdr Warning: \headheight is too small (12.0pt): 
(fancyhdr)                Make it at least 31.03018pt, for example:
(fancyhdr)                \setlength{\headheight}{31.03018pt}.
(fancyhdr)                You might also make \topmargin smaller to compensate:

(fancyhdr)                \addtolength{\topmargin}{-19.03018pt}.

[38]
Cap\'{\i }tulo 4.
(./capitulos/cap4/ejemploResultados.tex
Overfull \hbox (7.10164pt too wide) in paragraph at lines 31--31
[]\OT1/cmr/bx/n/17.28 Validaci^^Son de co-mu-ni-ca-cio-nes se-rie RS422/RS485 
 []

File: portada/logosportada/logoetsit.png Graphic file (type png)
<use portada/logosportada/logoetsit.png>
Package pdftex.def Info: portada/logosportada/logoetsit.png  used on input line
 50.
(pdftex.def)             Requested size: 85.35826pt x 26.68015pt.

Package fancyhdr Warning: \headheight is too small (12.0pt): 
(fancyhdr)                Make it at least 31.03018pt, for example:
(fancyhdr)                \setlength{\headheight}{31.03018pt}.
(fancyhdr)                You might also make \topmargin smaller to compensate:

(fancyhdr)                \addtolength{\topmargin}{-19.03018pt}.

[39]
File: portada/logosportada/logoetsit.png Graphic file (type png)
<use portada/logosportada/logoetsit.png>
Package pdftex.def Info: portada/logosportada/logoetsit.png  used on input line
 99.
(pdftex.def)             Requested size: 85.35826pt x 26.68015pt.


Package fancyhdr Warning: \headheight is too small (12.0pt): 
(fancyhdr)                Make it at least 31.03018pt, for example:
(fancyhdr)                \setlength{\headheight}{31.03018pt}.
(fancyhdr)                You might also make \topmargin smaller to compensate:

(fancyhdr)                \addtolength{\topmargin}{-19.03018pt}.

[40]
Underfull \vbox (badness 2460) has occurred while \output is active []

File: portada/logosportada/logoetsit.png Graphic file (type png)
<use portada/logosportada/logoetsit.png>
Package pdftex.def Info: portada/logosportada/logoetsit.png  used on input line
 147.
(pdftex.def)             Requested size: 85.35826pt x 26.68015pt.


Package fancyhdr Warning: \headheight is too small (12.0pt): 
(fancyhdr)                Make it at least 31.03018pt, for example:
(fancyhdr)                \setlength{\headheight}{31.03018pt}.
(fancyhdr)                You might also make \topmargin smaller to compensate:

(fancyhdr)                \addtolength{\topmargin}{-19.03018pt}.

[41]
File: portada/logosportada/logoetsit.png Graphic file (type png)
<use portada/logosportada/logoetsit.png>
Package pdftex.def Info: portada/logosportada/logoetsit.png  used on input line
 195.
(pdftex.def)             Requested size: 85.35826pt x 26.68015pt.


Package fancyhdr Warning: \headheight is too small (12.0pt): 
(fancyhdr)                Make it at least 31.03018pt, for example:
(fancyhdr)                \setlength{\headheight}{31.03018pt}.
(fancyhdr)                You might also make \topmargin smaller to compensate:

(fancyhdr)                \addtolength{\topmargin}{-19.03018pt}.

[42]) (./capitulos/cap4/benchmark.tex
Overfull \hbox (3.33076pt too wide) in paragraph at lines 29--32
[]\OT1/cmr/m/n/12 Las tres ar-qui-tec-tu-ras est^^San im-ple-men-ta-das so-bre 
el mis-mo dis-po-si-ti-vo (XCZU9EG, 274080
 []

File: portada/logosportada/logoetsit.png Graphic file (type png)
<use portada/logosportada/logoetsit.png>
Package pdftex.def Info: portada/logosportada/logoetsit.png  used on input line
 32.
(pdftex.def)             Requested size: 85.35826pt x 26.68015pt.

Package fancyhdr Warning: \headheight is too small (12.0pt): 
(fancyhdr)                Make it at least 31.03018pt, for example:
(fancyhdr)                \setlength{\headheight}{31.03018pt}.
(fancyhdr)                You might also make \topmargin smaller to compensate:

(fancyhdr)                \addtolength{\topmargin}{-19.03018pt}.

[43]
Overfull \hbox (11.94331pt too wide) in paragraph at lines 35--44
 [][] 
 []

Package pgfplots info on input line 63: Using 'lua backend=false' for axis: x c
oord trafo unsupported.

Underfull \vbox (badness 2837) has occurred while \output is active []

File: portada/logosportada/logoetsit.png Graphic file (type png)
<use portada/logosportada/logoetsit.png>
Package pdftex.def Info: portada/logosportada/logoetsit.png  used on input line
 103.
(pdftex.def)             Requested size: 85.35826pt x 26.68015pt.


Package fancyhdr Warning: \headheight is too small (12.0pt): 
(fancyhdr)                Make it at least 31.03018pt, for example:
(fancyhdr)                \setlength{\headheight}{31.03018pt}.
(fancyhdr)                You might also make \topmargin smaller to compensate:

(fancyhdr)                \addtolength{\topmargin}{-19.03018pt}.

[44]
Package pgfplots info on input line 153: Using 'lua backend=false' for axis: x 
coord trafo unsupported.

Underfull \vbox (badness 10000) has occurred while \output is active []

File: portada/logosportada/logoetsit.png Graphic file (type png)
<use portada/logosportada/logoetsit.png>
Package pdftex.def Info: portada/logosportada/logoetsit.png  used on input line
 164.
(pdftex.def)             Requested size: 85.35826pt x 26.68015pt.


Package fancyhdr Warning: \headheight is too small (12.0pt): 
(fancyhdr)                Make it at least 31.03018pt, for example:
(fancyhdr)                \setlength{\headheight}{31.03018pt}.
(fancyhdr)                You might also make \topmargin smaller to compensate:

(fancyhdr)                \addtolength{\topmargin}{-19.03018pt}.

[45]
Package pgfplots info on input line 214: Using 'lua backend=false' for axis: x 
coord trafo unsupported.

Underfull \vbox (badness 10000) has occurred while \output is active []

File: portada/logosportada/logoetsit.png Graphic file (type png)
<use portada/logosportada/logoetsit.png>
Package pdftex.def Info: portada/logosportada/logoetsit.png  used on input line
 223.
(pdftex.def)             Requested size: 85.35826pt x 26.68015pt.


Package fancyhdr Warning: \headheight is too small (12.0pt): 
(fancyhdr)                Make it at least 31.03018pt, for example:
(fancyhdr)                \setlength{\headheight}{31.03018pt}.
(fancyhdr)                You might also make \topmargin smaller to compensate:

(fancyhdr)                \addtolength{\topmargin}{-19.03018pt}.

[46]
Package pgfplots info on input line 271: Using 'lua backend=false' for axis: x 
coord trafo unsupported.
File: portada/logosportada/logoetsit.png Graphic file (type png)
<use portada/logosportada/logoetsit.png>
Package pdftex.def Info: portada/logosportada/logoetsit.png  used on input line
 289.
(pdftex.def)             Requested size: 85.35826pt x 26.68015pt.


Package fancyhdr Warning: \headheight is too small (12.0pt): 
(fancyhdr)                Make it at least 31.03018pt, for example:
(fancyhdr)                \setlength{\headheight}{31.03018pt}.
(fancyhdr)                You might also make \topmargin smaller to compensate:

(fancyhdr)                \addtolength{\topmargin}{-19.03018pt}.

[47]
Package pgfplots info on input line 331: Using 'lua backend=false' for axis: xm
ode=log unsupported (yet).
Package pgfplots info on input line 331: Using 'lua backend=false' for axis: ym
ode=log unsupported (yet).
File: portada/logosportada/logoetsit.png Graphic file (type png)
<use portada/logosportada/logoetsit.png>
Package pdftex.def Info: portada/logosportada/logoetsit.png  used on input line
 375.
(pdftex.def)             Requested size: 85.35826pt x 26.68015pt.


Package fancyhdr Warning: \headheight is too small (12.0pt): 
(fancyhdr)                Make it at least 31.03018pt, for example:
(fancyhdr)                \setlength{\headheight}{31.03018pt}.
(fancyhdr)                You might also make \topmargin smaller to compensate:

(fancyhdr)                \addtolength{\topmargin}{-19.03018pt}.

[48]
Overfull \hbox (28.94083pt too wide) in paragraph at lines 390--399
 [][] 
 []


Underfull \hbox (badness 10000) in paragraph at lines 436--437
[]|\OT1/cmr/bx/sc/12 11461 B/s
 []


Underfull \hbox (badness 10000) in paragraph at lines 440--440
[]|\OT1/cmr/m/n/12 Complejidad de
 []


Underfull \vbox (badness 10000) has occurred while \output is active []

File: portada/logosportada/logoetsit.png Graphic file (type png)
<use portada/logosportada/logoetsit.png>
Package pdftex.def Info: portada/logosportada/logoetsit.png  used on input line
 446.
(pdftex.def)             Requested size: 85.35826pt x 26.68015pt.


Package fancyhdr Warning: \headheight is too small (12.0pt): 
(fancyhdr)                Make it at least 31.03018pt, for example:
(fancyhdr)                \setlength{\headheight}{31.03018pt}.
(fancyhdr)                You might also make \topmargin smaller to compensate:

(fancyhdr)                \addtolength{\topmargin}{-19.03018pt}.

[49]) (./capitulos/cap4/pcb.tex
Underfull \vbox (badness 10000) has occurred while \output is active []

File: portada/logosportada/logoetsit.png Graphic file (type png)
<use portada/logosportada/logoetsit.png>
Package pdftex.def Info: portada/logosportada/logoetsit.png  used on input line
 11.
(pdftex.def)             Requested size: 85.35826pt x 26.68015pt.


Package fancyhdr Warning: \headheight is too small (12.0pt): 
(fancyhdr)                Make it at least 31.03018pt, for example:
(fancyhdr)                \setlength{\headheight}{31.03018pt}.
(fancyhdr)                You might also make \topmargin smaller to compensate:

(fancyhdr)                \addtolength{\topmargin}{-19.03018pt}.

[50]
Underfull \hbox (badness 10000) in paragraph at lines 52--52
[]|\OT1/cmr/m/n/12 T4 Ve-lo-ci-dad
 []


Underfull \hbox (badness 10000) in paragraph at lines 53--53
[]|\OT1/cmr/m/n/12 T5 Li-mi-ta-dor
 []


Underfull \vbox (badness 10000) has occurred while \output is active []

File: portada/logosportada/logoetsit.png Graphic file (type png)
<use portada/logosportada/logoetsit.png>
Package pdftex.def Info: portada/logosportada/logoetsit.png  used on input line
 63.
(pdftex.def)             Requested size: 85.35826pt x 26.68015pt.


Package fancyhdr Warning: \headheight is too small (12.0pt): 
(fancyhdr)                Make it at least 31.03018pt, for example:
(fancyhdr)                \setlength{\headheight}{31.03018pt}.
(fancyhdr)                You might also make \topmargin smaller to compensate:

(fancyhdr)                \addtolength{\topmargin}{-19.03018pt}.

[51]
Package pgfplots info on input line 94: Using 'lua backend=false' for axis: x c
oord trafo unsupported.

Underfull \vbox (badness 10000) has occurred while \output is active []

File: portada/logosportada/logoetsit.png Graphic file (type png)
<use portada/logosportada/logoetsit.png>
Package pdftex.def Info: portada/logosportada/logoetsit.png  used on input line
 107.
(pdftex.def)             Requested size: 85.35826pt x 26.68015pt.


Package fancyhdr Warning: \headheight is too small (12.0pt): 
(fancyhdr)                Make it at least 31.03018pt, for example:
(fancyhdr)                \setlength{\headheight}{31.03018pt}.
(fancyhdr)                You might also make \topmargin smaller to compensate:

(fancyhdr)                \addtolength{\topmargin}{-19.03018pt}.

[52]
Underfull \vbox (badness 10000) has occurred while \output is active []

File: portada/logosportada/logoetsit.png Graphic file (type png)
<use portada/logosportada/logoetsit.png>
Package pdftex.def Info: portada/logosportada/logoetsit.png  used on input line
 147.
(pdftex.def)             Requested size: 85.35826pt x 26.68015pt.


Package fancyhdr Warning: \headheight is too small (12.0pt): 
(fancyhdr)                Make it at least 31.03018pt, for example:
(fancyhdr)                \setlength{\headheight}{31.03018pt}.
(fancyhdr)                You might also make \topmargin smaller to compensate:

(fancyhdr)                \addtolength{\topmargin}{-19.03018pt}.

[53]
Package pgfplots info on input line 188: Using 'lua backend=false' for axis: xm
ode=log unsupported (yet).

Underfull \vbox (badness 10000) has occurred while \output is active []

File: portada/logosportada/logoetsit.png Graphic file (type png)
<use portada/logosportada/logoetsit.png>
Package pdftex.def Info: portada/logosportada/logoetsit.png  used on input line
 216.
(pdftex.def)             Requested size: 85.35826pt x 26.68015pt.


Package fancyhdr Warning: \headheight is too small (12.0pt): 
(fancyhdr)                Make it at least 31.03018pt, for example:
(fancyhdr)                \setlength{\headheight}{31.03018pt}.
(fancyhdr)                You might also make \topmargin smaller to compensate:

(fancyhdr)                \addtolength{\topmargin}{-19.03018pt}.

[54]
File: portada/logosportada/logoetsit.png Graphic file (type png)
<use portada/logosportada/logoetsit.png>
Package pdftex.def Info: portada/logosportada/logoetsit.png  used on input line
 261.
(pdftex.def)             Requested size: 85.35826pt x 26.68015pt.


Package fancyhdr Warning: \headheight is too small (12.0pt): 
(fancyhdr)                Make it at least 31.03018pt, for example:
(fancyhdr)                \setlength{\headheight}{31.03018pt}.
(fancyhdr)                You might also make \topmargin smaller to compensate:

(fancyhdr)                \addtolength{\topmargin}{-19.03018pt}.

[55])
File: portada/logosportada/logoetsit.png Graphic file (type png)
<use portada/logosportada/logoetsit.png>
Package pdftex.def Info: portada/logosportada/logoetsit.png  used on input line
 238.
(pdftex.def)             Requested size: 85.35826pt x 26.68015pt.


Package fancyhdr Warning: \headheight is too small (12.0pt): 
(fancyhdr)                Make it at least 31.03018pt, for example:
(fancyhdr)                \setlength{\headheight}{31.03018pt}.
(fancyhdr)                You might also make \topmargin smaller to compensate:

(fancyhdr)                \addtolength{\topmargin}{-19.03018pt}.

[56]
File: portada/logosportada/logoetsit.png Graphic file (type png)
<use portada/logosportada/logoetsit.png>
Package pdftex.def Info: portada/logosportada/logoetsit.png  used on input line
 238.
(pdftex.def)             Requested size: 85.35826pt x 26.68015pt.


Package fancyhdr Warning: \headheight is too small (12.0pt): 
(fancyhdr)                Make it at least 31.03018pt, for example:
(fancyhdr)                \setlength{\headheight}{31.03018pt}.
(fancyhdr)                You might also make \topmargin smaller to compensate:

(fancyhdr)                \addtolength{\topmargin}{-19.03018pt}.

[57]
Cap\'{\i }tulo 5.
(./capitulos/cap5/conclusiones.tex
File: portada/logosportada/logoetsit.png Graphic file (type png)
<use portada/logosportada/logoetsit.png>
Package pdftex.def Info: portada/logosportada/logoetsit.png  used on input line
 44.
(pdftex.def)             Requested size: 85.35826pt x 26.68015pt.


Package fancyhdr Warning: \headheight is too small (12.0pt): 
(fancyhdr)                Make it at least 31.03018pt, for example:
(fancyhdr)                \setlength{\headheight}{31.03018pt}.
(fancyhdr)                You might also make \topmargin smaller to compensate:

(fancyhdr)                \addtolength{\topmargin}{-19.03018pt}.

[58]) (./capitulos/cap5/lineasfuturas.tex
File: portada/logosportada/logoetsit.png Graphic file (type png)
<use portada/logosportada/logoetsit.png>
Package pdftex.def Info: portada/logosportada/logoetsit.png  used on input line
 18.
(pdftex.def)             Requested size: 85.35826pt x 26.68015pt.


Package fancyhdr Warning: \headheight is too small (12.0pt): 
(fancyhdr)                Make it at least 31.03018pt, for example:
(fancyhdr)                \setlength{\headheight}{31.03018pt}.
(fancyhdr)                You might also make \topmargin smaller to compensate:

(fancyhdr)                \addtolength{\topmargin}{-19.03018pt}.

[59]
File: portada/logosportada/logoetsit.png Graphic file (type png)
<use portada/logosportada/logoetsit.png>
Package pdftex.def Info: portada/logosportada/logoetsit.png  used on input line
 65.
(pdftex.def)             Requested size: 85.35826pt x 26.68015pt.


Package fancyhdr Warning: \headheight is too small (12.0pt): 
(fancyhdr)                Make it at least 31.03018pt, for example:
(fancyhdr)                \setlength{\headheight}{31.03018pt}.
(fancyhdr)                You might also make \topmargin smaller to compensate:

(fancyhdr)                \addtolength{\topmargin}{-19.03018pt}.

[60])
File: portada/logosportada/logoetsit.png Graphic file (type png)
<use portada/logosportada/logoetsit.png>
Package pdftex.def Info: portada/logosportada/logoetsit.png  used on input line
 244.
(pdftex.def)             Requested size: 85.35826pt x 26.68015pt.


Package fancyhdr Warning: \headheight is too small (12.0pt): 
(fancyhdr)                Make it at least 31.03018pt, for example:
(fancyhdr)                \setlength{\headheight}{31.03018pt}.
(fancyhdr)                You might also make \topmargin smaller to compensate:

(fancyhdr)                \addtolength{\topmargin}{-19.03018pt}.

[61] (./main.bbl
File: portada/logosportada/logoetsit.png Graphic file (type png)
<use portada/logosportada/logoetsit.png>
Package pdftex.def Info: portada/logosportada/logoetsit.png  used on input line
 90.
(pdftex.def)             Requested size: 85.35826pt x 26.68015pt.


Package fancyhdr Warning: \headheight is too small (12.0pt): 
(fancyhdr)                Make it at least 31.03018pt, for example:
(fancyhdr)                \setlength{\headheight}{31.03018pt}.
(fancyhdr)                You might also make \topmargin smaller to compensate:

(fancyhdr)                \addtolength{\topmargin}{-19.03018pt}.

[62])
File: portada/logosportada/logoetsit.png Graphic file (type png)
<use portada/logosportada/logoetsit.png>
Package pdftex.def Info: portada/logosportada/logoetsit.png  used on input line
 248.
(pdftex.def)             Requested size: 85.35826pt x 26.68015pt.


Package fancyhdr Warning: \headheight is too small (12.0pt): 
(fancyhdr)                Make it at least 31.03018pt, for example:
(fancyhdr)                \setlength{\headheight}{31.03018pt}.
(fancyhdr)                You might also make \topmargin smaller to compensate:

(fancyhdr)                \addtolength{\topmargin}{-19.03018pt}.

[63] [64

] (./capitulos/anexos/anexo1.tex
Overfull \hbox (6.60971pt too wide) in alignment at lines 13--17
 [] [] [] [] [] [] 
 []


Overfull \hbox (6.60971pt too wide) in alignment at lines 17--21
 [] [] [] [] [] [] 
 []


Overfull \hbox (6.60971pt too wide) in alignment at lines 21--23
 [] [] [] [] [] [] 
 []


Overfull \hbox (6.60971pt too wide) in alignment at lines 23--27
 [] [] [] [] [] [] 
 []


Overfull \hbox (6.60971pt too wide) in alignment at lines 27--82
 [] [] [] [] [] [] 
 []

File: portada/logosportada/logoetsit.png Graphic file (type png)
<use portada/logosportada/logoetsit.png>
Package pdftex.def Info: portada/logosportada/logoetsit.png  used on input line
 82.
(pdftex.def)             Requested size: 85.35826pt x 26.68015pt.

Package fancyhdr Warning: \headheight is too small (12.0pt): 
(fancyhdr)                Make it at least 31.03018pt, for example:
(fancyhdr)                \setlength{\headheight}{31.03018pt}.
(fancyhdr)                You might also make \topmargin smaller to compensate:

(fancyhdr)                \addtolength{\topmargin}{-19.03018pt}.

[65]
Underfull \vbox (badness 10000) has occurred while \output is active []

File: portada/logosportada/logoetsit.png Graphic file (type png)
<use portada/logosportada/logoetsit.png>
Package pdftex.def Info: portada/logosportada/logoetsit.png  used on input line
 120.
(pdftex.def)             Requested size: 85.35826pt x 26.68015pt.


Package fancyhdr Warning: \headheight is too small (12.0pt): 
(fancyhdr)                Make it at least 31.03018pt, for example:
(fancyhdr)                \setlength{\headheight}{31.03018pt}.
(fancyhdr)                You might also make \topmargin smaller to compensate:

(fancyhdr)                \addtolength{\topmargin}{-19.03018pt}.

[66]
Underfull \vbox (badness 10000) has occurred while \output is active []

File: portada/logosportada/logoetsit.png Graphic file (type png)
<use portada/logosportada/logoetsit.png>
Package pdftex.def Info: portada/logosportada/logoetsit.png  used on input line
 172.
(pdftex.def)             Requested size: 85.35826pt x 26.68015pt.


Package fancyhdr Warning: \headheight is too small (12.0pt): 
(fancyhdr)                Make it at least 31.03018pt, for example:
(fancyhdr)                \setlength{\headheight}{31.03018pt}.
(fancyhdr)                You might also make \topmargin smaller to compensate:

(fancyhdr)                \addtolength{\topmargin}{-19.03018pt}.

[67]
Overfull \vbox (17.2147pt too high) has occurred while \output is active []

File: portada/logosportada/logoetsit.png Graphic file (type png)
<use portada/logosportada/logoetsit.png>
Package pdftex.def Info: portada/logosportada/logoetsit.png  used on input line
 172.
(pdftex.def)             Requested size: 85.35826pt x 26.68015pt.


Package fancyhdr Warning: \headheight is too small (12.0pt): 
(fancyhdr)                Make it at least 31.03018pt, for example:
(fancyhdr)                \setlength{\headheight}{31.03018pt}.
(fancyhdr)                You might also make \topmargin smaller to compensate:

(fancyhdr)                \addtolength{\topmargin}{-19.03018pt}.

[68]
Underfull \vbox (badness 10000) has occurred while \output is active []

File: portada/logosportada/logoetsit.png Graphic file (type png)
<use portada/logosportada/logoetsit.png>
Package pdftex.def Info: portada/logosportada/logoetsit.png  used on input line
 230.
(pdftex.def)             Requested size: 85.35826pt x 26.68015pt.


Package fancyhdr Warning: \headheight is too small (12.0pt): 
(fancyhdr)                Make it at least 31.03018pt, for example:
(fancyhdr)                \setlength{\headheight}{31.03018pt}.
(fancyhdr)                You might also make \topmargin smaller to compensate:

(fancyhdr)                \addtolength{\topmargin}{-19.03018pt}.

[69])
File: portada/logosportada/logoetsit.png Graphic file (type png)
<use portada/logosportada/logoetsit.png>
Package pdftex.def Info: portada/logosportada/logoetsit.png  used on input line
 252.
(pdftex.def)             Requested size: 85.35826pt x 26.68015pt.


Package fancyhdr Warning: \headheight is too small (12.0pt): 
(fancyhdr)                Make it at least 31.03018pt, for example:
(fancyhdr)                \setlength{\headheight}{31.03018pt}.
(fancyhdr)                You might also make \topmargin smaller to compensate:

(fancyhdr)                \addtolength{\topmargin}{-19.03018pt}.

[70] (./capitulos/anexos/anexoA.tex)
File: portada/logosportada/logoetsit.png Graphic file (type png)
<use portada/logosportada/logoetsit.png>
Package pdftex.def Info: portada/logosportada/logoetsit.png  used on input line
 255.
(pdftex.def)             Requested size: 85.35826pt x 26.68015pt.


Package fancyhdr Warning: \headheight is too small (12.0pt): 
(fancyhdr)                Make it at least 31.03018pt, for example:
(fancyhdr)                \setlength{\headheight}{31.03018pt}.
(fancyhdr)                You might also make \topmargin smaller to compensate:

(fancyhdr)                \addtolength{\topmargin}{-19.03018pt}.

[71]
File: portada/logosportada/logoetsit.png Graphic file (type png)
<use portada/logosportada/logoetsit.png>
Package pdftex.def Info: portada/logosportada/logoetsit.png  used on input line
 257.
(pdftex.def)             Requested size: 85.35826pt x 26.68015pt.


Package fancyhdr Warning: \headheight is too small (12.0pt): 
(fancyhdr)                Make it at least 31.03018pt, for example:
(fancyhdr)                \setlength{\headheight}{31.03018pt}.
(fancyhdr)                You might also make \topmargin smaller to compensate:

(fancyhdr)                \addtolength{\topmargin}{-19.03018pt}.

[72] (./capitulos/anexos/anexoB.tex)
File: portada/logosportada/logoetsit.png Graphic file (type png)
<use portada/logosportada/logoetsit.png>
Package pdftex.def Info: portada/logosportada/logoetsit.png  used on input line
 260.
(pdftex.def)             Requested size: 85.35826pt x 26.68015pt.


Package fancyhdr Warning: \headheight is too small (12.0pt): 
(fancyhdr)                Make it at least 31.03018pt, for example:
(fancyhdr)                \setlength{\headheight}{31.03018pt}.
(fancyhdr)                You might also make \topmargin smaller to compensate:

(fancyhdr)                \addtolength{\topmargin}{-19.03018pt}.

[73] (./main.aux
LaTeX Info: Redefining \. on input line 12.
LaTeX Info: Redefining \% on input line 12.
)
 ***********
LaTeX2e <2023-11-01> patch level 1
L3 programming layer <2024-01-22>
 ***********


LaTeX Font Warning: Some font shapes were not available, defaults substituted.

Package rerunfilecheck Info: File `main.out' has not changed.
(rerunfilecheck)             Checksum: 006806A827090F69C8A59AB5E492494A;20607.
 ) 
Here is how much of TeX's memory you used:
 38366 strings out of 476120
 857769 string characters out of 5793657
 2074975 words of memory out of 5000000
 59243 multiletter control sequences out of 15000+600000
 572297 words of font info for 91 fonts, out of 8000000 for 9000
 40 hyphenation exceptions out of 8191
 99i,19n,101p,725b,2401s stack positions out of 10000i,1000n,20000p,200000b,200000s
</usr/share/texlive/texmf-dist/fonts/type1/public/amsfonts/cm/cmbx10.pfb></us
r/share/texlive/texmf-dist/fonts/type1/public/amsfonts/cm/cmbx12.pfb></usr/shar
e/texlive/texmf-dist/fonts/type1/public/amsfonts/cm/cmbx8.pfb></usr/share/texli
ve/texmf-dist/fonts/type1/public/amsfonts/cm/cmbxti10.pfb></usr/share/texlive/t
exmf-dist/fonts/type1/public/amsfonts/cm/cmcsc10.pfb></usr/share/texlive/texmf-
dist/fonts/type1/public/amsfonts/cm/cmitt10.pfb></usr/share/texlive/texmf-dist/
fonts/type1/public/amsfonts/cm/cmmi10.pfb></usr/share/texlive/texmf-dist/fonts/
type1/public/amsfonts/cm/cmmi12.pfb></usr/share/texlive/texmf-dist/fonts/type1/
public/amsfonts/cm/cmr10.pfb></usr/share/texlive/texmf-dist/fonts/type1/public/
amsfonts/cm/cmr12.pfb></usr/share/texlive/texmf-dist/fonts/type1/public/amsfont
s/cm/cmr6.pfb></usr/share/texlive/texmf-dist/fonts/type1/public/amsfonts/cm/cmr
8.pfb></usr/share/texlive/texmf-dist/fonts/type1/public/amsfonts/cm/cmsy10.pfb>
</usr/share/texlive/texmf-dist/fonts/type1/public/amsfonts/cm/cmsy6.pfb></usr/s
hare/texlive/texmf-dist/fonts/type1/public/amsfonts/cm/cmsy7.pfb></usr/share/te
xlive/texmf-dist/fonts/type1/public/amsfonts/cm/cmsy8.pfb></usr/share/texlive/t
exmf-dist/fonts/type1/public/amsfonts/cm/cmti10.pfb></usr/share/texlive/texmf-d
ist/fonts/type1/public/amsfonts/cm/cmti12.pfb></usr/share/texlive/texmf-dist/fo
nts/type1/public/amsfonts/cm/cmtt10.pfb></usr/share/texlive/texmf-dist/fonts/ty
pe1/public/amsfonts/cm/cmtt12.pfb></usr/share/texlive/texmf-dist/fonts/type1/pu
blic/eurosym/feybr10.pfb></usr/share/texlive/texmf-dist/fonts/type1/public/euro
sym/feymr10.pfb>
Output written on main.pdf (91 pages, 1099114 bytes).
PDF statistics:
 1510 PDF objects out of 1728 (max. 8388607)
 1355 compressed objects within 14 object streams
 451 named destinations out of 1000 (max. 500000)
 807 words of extra memory for PDF output out of 10000 (max. 10000000)

